7t20AEMjEBgO2V4VCt2VRQ;19P4fwkPhE6yVAXApFWDoF
7t20AEMjEBgO2V4VCt2VRQ;1SfdzhXyrw84Hs0oMLaeEC
7t20AEMjEBgO2V4VCt2VRQ;2tVQhBSJ1SQtb4gX0taaiR
7t20AEMjEBgO2V4VCt2VRQ;3vfIv3pvYlLOa0wKIEuqFn
7t20AEMjEBgO2V4VCt2VRQ;3MT4gmgqhOxg6gyqnRQBzB
7t20AEMjEBgO2V4VCt2VRQ;1vQxicuNSODoBECPMFjHMG
7t20AEMjEBgO2V4VCt2VRQ;18a9EGG4xhRELv7bgAw5hb
7t20AEMjEBgO2V4VCt2VRQ;45ExdIUNv9r6A83B14w21R
7t20AEMjEBgO2V4VCt2VRQ;70gbuMqwNBE2Y5rkQJE9By
7t20AEMjEBgO2V4VCt2VRQ;7a014uMHF3nlqzXCxV551C
0rdkQgKx8gNyOeZogIhGec;3xINh6YqkLfucEtjoa4x7D
0rdkQgKx8gNyOeZogIhGec;7eRDTkDUO5UVWgla9Max4h
0rdkQgKx8gNyOeZogIhGec;2BJy5YrRMhVCqaLNY5cbv2
0rdkQgKx8gNyOeZogIhGec;1lUdXbhl6u6QMQZRTAhlWW
0rdkQgKx8gNyOeZogIhGec;4Fs6KJzg4d0xrGZt7wrC0M
0rdkQgKx8gNyOeZogIhGec;3Kj2EWpIBnvETsYq4cq0IH
0rdkQgKx8gNyOeZogIhGec;4C7WQtCroS5Qyc2IQiVn15
0rdkQgKx8gNyOeZogIhGec;52GgfKWo0tdSbq8trVhgUj
0rdkQgKx8gNyOeZogIhGec;7oRNU7Tmek0nm2lqyDojoG
0rdkQgKx8gNyOeZogIhGec;7zkLpY72g6lKQbiHDqri1S
4H5hI3u6LmIRlXnWR89opX;6VltRkmJbCTqgKrTHk4Ulw
4H5hI3u6LmIRlXnWR89opX;1H4idkmruFoJBg1DvUv2tY
4H5hI3u6LmIRlXnWR89opX;29engDqjmMr3VLqMm0c0WE
4H5hI3u6LmIRlXnWR89opX;6mib3N4E8PZHAGQ3xy7bho
4H5hI3u6LmIRlXnWR89opX;4a5pNRjwmzYQuEY1E7O6pj
4H5hI3u6LmIRlXnWR89opX;61IBpJ6TymrEwd7bz3oPNp
4H5hI3u6LmIRlXnWR89opX;70gbuMqwNBE2Y5rkQJE9By
4H5hI3u6LmIRlXnWR89opX;3dzW0SoVNyJTWWJimX8stj
4H5hI3u6LmIRlXnWR89opX;7BY005dacJkbO6EPiOh2wb
4H5hI3u6LmIRlXnWR89opX;67HxeUADW4H3ERfaPW59ma
67J8yUyGgdq6tqethoVz7O;6Vcwr9tb3ZLO63F8DL8cqu
67J8yUyGgdq6tqethoVz7O;4u9f8hqstB7iITDJNzKhQx
67J8yUyGgdq6tqethoVz7O;6mcxQ1Y3uQRU0IHsvdNLH1
67J8yUyGgdq6tqethoVz7O;3ExNcJ7LkInTekJg13FQSq
67J8yUyGgdq6tqethoVz7O;2f0P7iELCvAlV8j6Z3rGDE
67J8yUyGgdq6tqethoVz7O;55XOFkEEYgeqxZkQfEt97X
67J8yUyGgdq6tqethoVz7O;3lpDrxUkr0tIe1kmJvdK7d
67J8yUyGgdq6tqethoVz7O;4ywWJqYKOwaVVh9xXARWUS
67J8yUyGgdq6tqethoVz7O;05oETzWbd4SI33qK2gbJfR
67J8yUyGgdq6tqethoVz7O;6Dm2KfuPBa3eXOgHaT88r4
1ibNA1iJcR2HN4L0fe0QlY;72SPsHheqN6J3sI520jT9E
1ibNA1iJcR2HN4L0fe0QlY;2xb1HCvRkwY0vof2Z6VMe9
1ibNA1iJcR2HN4L0fe0QlY;7G86DBnh06o8lrS5FLmriW
1ibNA1iJcR2HN4L0fe0QlY;1Yw6ViCo3tuufI0Hg4mzSU
1ibNA1iJcR2HN4L0fe0QlY;1U1GtaJeYwGsPgqV9Me5bb
1ibNA1iJcR2HN4L0fe0QlY;0ctZnupuo8R4dLkRxVGuTt
1ibNA1iJcR2HN4L0fe0QlY;51jgm7YQWFUDvxkWy46nUd
1ibNA1iJcR2HN4L0fe0QlY;2GViQ70Qunna09ZLUFcwdB
1ibNA1iJcR2HN4L0fe0QlY;4ZFhVVawR0xMJ5dJFNxFRl
1ibNA1iJcR2HN4L0fe0QlY;56AecW9Anb0CY6HpgWvcg9
2Ihrrl0Bp6n9yheY1pH5HB;4bz7uB4edifWKJXSDxwHcs
2Ihrrl0Bp6n9yheY1pH5HB;24ylIO48nRsdaONlM8l2HF
2Ihrrl0Bp6n9yheY1pH5HB;5OnyZ56HLhrWOXdzeETqLk
2Ihrrl0Bp6n9yheY1pH5HB;7yPMeJtv3GMs5sNOGA1xk8
2Ihrrl0Bp6n9yheY1pH5HB;03IroQVyJPkCNntdcRZlpi
2Ihrrl0Bp6n9yheY1pH5HB;0qCKVQOQkLL14zmqXOsQ21
2Ihrrl0Bp6n9yheY1pH5HB;70NWnuN7KTt8cmqNlqu1cu
2Ihrrl0Bp6n9yheY1pH5HB;0XVlp2oAeLlu2RWi4A2oqL
2Ihrrl0Bp6n9yheY1pH5HB;0q65HQJewwBeEJTENBClKo
2Ihrrl0Bp6n9yheY1pH5HB;70evTHsBFgs1AKhC5URcCz
1WGZ2aP5SnBPjaEDg2pVDd;0WrRlCHmD7LzpJa8chDz2h
1WGZ2aP5SnBPjaEDg2pVDd;6cA1usDL8nTHeSgFewQat3
1WGZ2aP5SnBPjaEDg2pVDd;1J3w85cS3FEmoSKRu2dQJ8
1WGZ2aP5SnBPjaEDg2pVDd;16XeptMdlJTWWeIrwEAOvv
1WGZ2aP5SnBPjaEDg2pVDd;5d8CreUdJvZejvTUo1IHLw
1WGZ2aP5SnBPjaEDg2pVDd;6BrMEbPSSj55nQhkgf6DnE
1WGZ2aP5SnBPjaEDg2pVDd;1tZ5ctX3Q1P6QZJ1bR25sd
1WGZ2aP5SnBPjaEDg2pVDd;7jeSFewaQLq8t2x8OZFQxZ
1WGZ2aP5SnBPjaEDg2pVDd;48wMTk5P8xP4lRuVA5uLsD
1WGZ2aP5SnBPjaEDg2pVDd;2gPFK3pmM7zzws174NrjkG
2GdBRzke49kb5EvLrzJZJS;27IRo2rYeizhRMDaNVplNM
2GdBRzke49kb5EvLrzJZJS;5jn4aPKkBTJ21lLeLGizv4
2GdBRzke49kb5EvLrzJZJS;65EVlEBJkMJCskhQwUUGew
2GdBRzke49kb5EvLrzJZJS;2FfZg072w8RoxlMOR7M4CT
2GdBRzke49kb5EvLrzJZJS;2eVKwKivluiYn67kLtZ3d7
2GdBRzke49kb5EvLrzJZJS;4xI1VwZa8u3ymeS8hsHKed
2GdBRzke49kb5EvLrzJZJS;4h5m56ExHLPUC9NGz7U1Qa
2GdBRzke49kb5EvLrzJZJS;4aU1zq0W9Ftg1UAQSj4aHN
2GdBRzke49kb5EvLrzJZJS;72w7uKE7CkNwpLFUBHqUkC
2GdBRzke49kb5EvLrzJZJS;3hRV0jL3vUpRrcy398teAU
2z53qxYsQYxfUOX7aIpvKr;6lLLyBFUhswXFlEYEP7kFz
2z53qxYsQYxfUOX7aIpvKr;0Zw4llKeB35SIKASy1aLtV
2z53qxYsQYxfUOX7aIpvKr;50fSJw5yA1wTjvRTBw3nnp
2z53qxYsQYxfUOX7aIpvKr;0qG1teoBvooRo7Z5Z8edCk
2z53qxYsQYxfUOX7aIpvKr;0gRquinG7Rh5WnZnQ5u1AS
2z53qxYsQYxfUOX7aIpvKr;1KFyl8gBPdv53l3Wrcv7jS
2z53qxYsQYxfUOX7aIpvKr;5zRuPOBoe38AjACFMsxkof
2z53qxYsQYxfUOX7aIpvKr;725xsrRfUExIlatLNHiKNH
2z53qxYsQYxfUOX7aIpvKr;6jOpA0UG23yw4MyXQKa6iz
2z53qxYsQYxfUOX7aIpvKr;59irMF6BIyxXmjuPgVSCsj
25P6D08VANHBapCM9pvgEO;1IP2z9BOOiT2G3vHveIWE0
25P6D08VANHBapCM9pvgEO;4bz7uB4edifWKJXSDxwHcs
25P6D08VANHBapCM9pvgEO;7Fx3o9QtK1vtpkEWkM6OJu
25P6D08VANHBapCM9pvgEO;3k0fPfRnom02UJetGU2Dz9
25P6D08VANHBapCM9pvgEO;2E5ufno5JwzZiA96JiHUGN
25P6D08VANHBapCM9pvgEO;5gwLIRjGFf3hXuHoKEsWLg
25P6D08VANHBapCM9pvgEO;6EOVswctoFdM2ZBelEBXnu
25P6D08VANHBapCM9pvgEO;1vNNfTgHsrpOXeiaXQBlH7
25P6D08VANHBapCM9pvgEO;4pKHsfz8ARX5m0yBlbFCYp
25P6D08VANHBapCM9pvgEO;1gOANd4qcnkftl869IOvBu
6xYIbBD7VrcFYhUX3mnxBa;4yWl0tnEanf3zmZzl9kbQn
6xYIbBD7VrcFYhUX3mnxBa;4bgfMOKbX5q7XHRECffBl5
6xYIbBD7VrcFYhUX3mnxBa;5gYZiARZL3Lm4k8VPfo4q7
6xYIbBD7VrcFYhUX3mnxBa;2aWxDsPrW9boRYyWLF6sst
6xYIbBD7VrcFYhUX3mnxBa;7qnxmC6qdYkjcoCJCeD8Jx
6xYIbBD7VrcFYhUX3mnxBa;56ilrbKJF2bph5W6eZaM5E
6xYIbBD7VrcFYhUX3mnxBa;4cbMK3hOqvXiBiHQkGgsAf
6xYIbBD7VrcFYhUX3mnxBa;5p9bFxqeXqzDiWdGwce7DD
6xYIbBD7VrcFYhUX3mnxBa;6b7l3YWWWUcxJZVETEKBVc
6xYIbBD7VrcFYhUX3mnxBa;6sQv6XMvSp0PB0cuuS6Dfz
6CAG3rBGPTAinoqgVD7fBJ;2YkQuh1bijWzQJie9KfFQi
6CAG3rBGPTAinoqgVD7fBJ;57JBa90rqcGKs1ajxkIKNW
6CAG3rBGPTAinoqgVD7fBJ;09ZGF6mwJVzw5jxqbtT53E
6CAG3rBGPTAinoqgVD7fBJ;4aUCovTNe98WnwE6AIl0pU
6CAG3rBGPTAinoqgVD7fBJ;6Cp1LNb26iMtPT7JTtEZyD
6CAG3rBGPTAinoqgVD7fBJ;3gwurt17Arq2OTWaM7qZPW
6CAG3rBGPTAinoqgVD7fBJ;5e7OZ8PyDJYQdGAiidCPad
6CAG3rBGPTAinoqgVD7fBJ;2irCiCNN2kheis3bdovtQO
6CAG3rBGPTAinoqgVD7fBJ;5KytIKWqQJXb2T3RNOyi9G
6CAG3rBGPTAinoqgVD7fBJ;2sW8fmnISifQTRgnRrQTYW
7ovjkihSn8dagY3TWieigl;2VpbXHtCshxYHMun0CZCh5
7ovjkihSn8dagY3TWieigl;6kLqKntp2x4QVXHwqLHMYm
7ovjkihSn8dagY3TWieigl;5d8CreUdJvZejvTUo1IHLw
7ovjkihSn8dagY3TWieigl;0oEyXbHhtUBqKdKHewG8Cn
7ovjkihSn8dagY3TWieigl;7rbCL7W893Zonbfnevku5s
7ovjkihSn8dagY3TWieigl;1OtgKfkArIaanXT140hSmQ
7ovjkihSn8dagY3TWieigl;729m4QKLjNwjFdmSPSrJ1E
7ovjkihSn8dagY3TWieigl;5tV7QNSURiLd8trSLrZahV
7ovjkihSn8dagY3TWieigl;5ApxZEQ1u6BhPrqeolLi6K
7ovjkihSn8dagY3TWieigl;42yexCY4dCftowtAZXuAIj
64gpgh5jBMxyh7iVJll23t;4q6bSpQPptaC9uIqmu5GEw
64gpgh5jBMxyh7iVJll23t;3v9xlH6BpmRbqL7hgNJhfT
64gpgh5jBMxyh7iVJll23t;5jgFfDIR6FR0gvlA56Nakr
64gpgh5jBMxyh7iVJll23t;6F95U6PqNOh7fUnyrHotQs
64gpgh5jBMxyh7iVJll23t;2WOjLF83vqjit2Zh4B69V3
64gpgh5jBMxyh7iVJll23t;5uaRhjHGI81AosMUWuceto
64gpgh5jBMxyh7iVJll23t;0qdQUeKVyevrbKhAo0ibxS
64gpgh5jBMxyh7iVJll23t;0hS2EF1YErlHBS5c97iGxi
64gpgh5jBMxyh7iVJll23t;3gsCAGsWr6pUm1Vy7CPPob
64gpgh5jBMxyh7iVJll23t;2H8hNUy47dRpvXdRlrfZ90
2DAOtuxHBop3cIcPjQeSXv;2hjAc6x8EoSLhGxRNg8KEw
2DAOtuxHBop3cIcPjQeSXv;7FgjfoVQ6Wn1Nm53N5Upn8
2DAOtuxHBop3cIcPjQeSXv;16XeptMdlJTWWeIrwEAOvv
2DAOtuxHBop3cIcPjQeSXv;5zX6E4brIhshX7MPWQiiO5
2DAOtuxHBop3cIcPjQeSXv;6Wi0DHWomfgBLoBo14yyDp
2DAOtuxHBop3cIcPjQeSXv;67oVj9wKv1T0effsUcny7A
2DAOtuxHBop3cIcPjQeSXv;4hupcimlg3UBbW1kAQ6vrT
2DAOtuxHBop3cIcPjQeSXv;2TJqhMuTx2eMun7MMQVIFy
2DAOtuxHBop3cIcPjQeSXv;0PRJmbFX6z9OxQ57OFHCqd
2DAOtuxHBop3cIcPjQeSXv;6n5lHdpuBDdA7pYDpiKzEI
0dYL7lcRjKIckzlaZgbKJy;1GBmqFq2b3kAwq8pMgjftX
0dYL7lcRjKIckzlaZgbKJy;1bGas968flWbyqIdVqlHt4
0dYL7lcRjKIckzlaZgbKJy;6G1nF3OA50nDc7xgVD7rUz
0dYL7lcRjKIckzlaZgbKJy;217rtpQoU3DlKfhvpwTqNQ
0dYL7lcRjKIckzlaZgbKJy;0MrkkxbgfHfbxrTg12oHd4
0dYL7lcRjKIckzlaZgbKJy;3mWJY5PUwz8WTtM5YTeFy4
0dYL7lcRjKIckzlaZgbKJy;0cs671lxX2eoDzr2KMuo3N
0dYL7lcRjKIckzlaZgbKJy;1uAgOx0GWsKLsg1cLvKDNb
0dYL7lcRjKIckzlaZgbKJy;58hIrLtDLUXtwvnzqutKMa
0dYL7lcRjKIckzlaZgbKJy;31rLTmedDW4HwiK2vJJszK
58IZLB5bpAKQgeccRgq0ZI;7rMGBorMCIjr623laBD1a4
58IZLB5bpAKQgeccRgq0ZI;31X7ZCVcKwsk6CUavTOnwW
58IZLB5bpAKQgeccRgq0ZI;1B3R4IlNmPFc7XUYCG6dKw
58IZLB5bpAKQgeccRgq0ZI;4QyTAToGczngpDZBhlU7AJ
58IZLB5bpAKQgeccRgq0ZI;2f4JeAg8otBNPC9UBRTfuh
58IZLB5bpAKQgeccRgq0ZI;79hW2iblmoT71PtfEj40Rn
58IZLB5bpAKQgeccRgq0ZI;1vhDb9iGNQQRS5Av39LlRf
58IZLB5bpAKQgeccRgq0ZI;2SCUPzpjvmFz2xqNikBaJE
58IZLB5bpAKQgeccRgq0ZI;03GIk20uwlLmxs5getH3Wb
58IZLB5bpAKQgeccRgq0ZI;2uF5bjEIDI7qmzZyi7Eif2
6pvWan5WFd6pyXTn4cJjeo;3EAFamlgsYPA3HijLUPszI
6pvWan5WFd6pyXTn4cJjeo;11DjZQEZ69EXLo77HVj6yW
6pvWan5WFd6pyXTn4cJjeo;43DeSV93pJPT4lCZaWZ6b1
6pvWan5WFd6pyXTn4cJjeo;020X55mawvXGASoewg14Dj
6pvWan5WFd6pyXTn4cJjeo;3Xls4cNOwy01dtrNXb1inG
6pvWan5WFd6pyXTn4cJjeo;09QZAEmdbq28OaNyqTOEvY
6pvWan5WFd6pyXTn4cJjeo;0hCB0YR03f6AmQaHbwWDe8
6pvWan5WFd6pyXTn4cJjeo;6FsQrRpBLgsrFeAeiQqytm
6pvWan5WFd6pyXTn4cJjeo;1Wmuc11xACBpOpni7ECC45
6pvWan5WFd6pyXTn4cJjeo;5UuikgHTxSRFRnC0zXx10i
2TKLzAtvY9CdHR0FRiMpD2;4pVTneBibGa5HU7HzAOvY8
2TKLzAtvY9CdHR0FRiMpD2;53rN8CcgrWP6DZcuQ4Q4og
2TKLzAtvY9CdHR0FRiMpD2;55LRDFmsuazr533WrtHHW9
2TKLzAtvY9CdHR0FRiMpD2;4PRGxHpCpF2yoOHYKQIEwD
2TKLzAtvY9CdHR0FRiMpD2;3MGEkxAU5mHsWdQDiJcMgJ
2TKLzAtvY9CdHR0FRiMpD2;3P0VltjBDpzJeFFHVpF0nK
2TKLzAtvY9CdHR0FRiMpD2;3KJ7rmrp8u37yJwx2zDsVH
2TKLzAtvY9CdHR0FRiMpD2;1IuhMns4MRmjIlAdCDE1jR
2TKLzAtvY9CdHR0FRiMpD2;6pxWv6GV35VGmcPf5dh6CH
2TKLzAtvY9CdHR0FRiMpD2;1hJrWWK74fKL7eeV3CFOvF
5lZ4Dm9BBGcCBVbfzxnyCX;0DAmSYQW9kq9gQNDI002KP
5lZ4Dm9BBGcCBVbfzxnyCX;0K5arOMI7W9vggnSZi5hHs
5lZ4Dm9BBGcCBVbfzxnyCX;7w7dNg4CYpVG3qwC4SJbRt
5lZ4Dm9BBGcCBVbfzxnyCX;5gNchicUY2EvUvZOE2eBzg
5lZ4Dm9BBGcCBVbfzxnyCX;5UDoMj8EIEXrQ4N0UR0nos
5lZ4Dm9BBGcCBVbfzxnyCX;4Y20xkfnxwdOqOYdZoV0Ym
5lZ4Dm9BBGcCBVbfzxnyCX;3aT5zZz6FEtWAGDRJy7t8j
5lZ4Dm9BBGcCBVbfzxnyCX;33OXrW25FbtmmA1DHBTPN0
5lZ4Dm9BBGcCBVbfzxnyCX;4uGIJG1jYFonGc4LGp5uQL
5lZ4Dm9BBGcCBVbfzxnyCX;29HaKOpeLSYvqdFyEQSRdj
3Rw6ifCtnZFPwHbK8BKAFM;1tmUnjeEK1pOByatTtzjhQ
3Rw6ifCtnZFPwHbK8BKAFM;23Uv9xqLumDqEBNIdHhCcO
3Rw6ifCtnZFPwHbK8BKAFM;04k3c2SWpCgRuK9ePxDrzC
3Rw6ifCtnZFPwHbK8BKAFM;0TplvG4I20TZRfxZ6QNSTp
3Rw6ifCtnZFPwHbK8BKAFM;54GVlgzKdNwZeamMQYQM9W
3Rw6ifCtnZFPwHbK8BKAFM;7IGq2Ks6S8qh3pLypIG03E
3Rw6ifCtnZFPwHbK8BKAFM;39Itp5PzJMkhbqhgaXRNPt
3Rw6ifCtnZFPwHbK8BKAFM;3fPqUl4lPDUQmY0T7dKUv2
3Rw6ifCtnZFPwHbK8BKAFM;6NUcXJYQ8YlgOTe1nQIfzB
3Rw6ifCtnZFPwHbK8BKAFM;6AnROjdp9fal5dXkPPKXD1
0q6LuUqGLUiCPP1cbdwFs3;33yAEqzKXexYM3WlOYtTfQ
0q6LuUqGLUiCPP1cbdwFs3;7JIV9UYKpti5xWgq6lfNNJ
0q6LuUqGLUiCPP1cbdwFs3;0HTFDQQb7auJ2dZwXtPK5e
0q6LuUqGLUiCPP1cbdwFs3;3UKy1X3nGe5diFqN5swaFz
0q6LuUqGLUiCPP1cbdwFs3;2i63MeQVdPuLvDH4EdaqXO
0q6LuUqGLUiCPP1cbdwFs3;4A5FLaZI3Ni5eT0c9fqi8F
0q6LuUqGLUiCPP1cbdwFs3;5g7uidL6cVNS7GxcCAXa19
0q6LuUqGLUiCPP1cbdwFs3;4DfVAYN8VThaZCkobv0HJV
0q6LuUqGLUiCPP1cbdwFs3;2UyWClHKt6fut3IpS2tJiR
0q6LuUqGLUiCPP1cbdwFs3;2a0WwSvmFdXPTdDMilPA1y
3bH4HzoZZFq8UpZmI2AMgV;0NdAh5vk2C5hVNy54043lj
3bH4HzoZZFq8UpZmI2AMgV;1boXOL0ua7N2iCOUVI1p9F
3bH4HzoZZFq8UpZmI2AMgV;2vLWF4yFhTHQZVwrPTjH1s
3bH4HzoZZFq8UpZmI2AMgV;4bsMM8V87y5igGk6urk6b7
3bH4HzoZZFq8UpZmI2AMgV;1ErrkKi89V68HHsyUizbJA
3bH4HzoZZFq8UpZmI2AMgV;5w3yxRRxy5pvZdUvBJF6ve
3bH4HzoZZFq8UpZmI2AMgV;1bQhZOoXYqjXs7u7rFXo0h
3bH4HzoZZFq8UpZmI2AMgV;77enz5hl8RicxrbPB56VXQ
3bH4HzoZZFq8UpZmI2AMgV;6pXbCNOZkQ5g05ZRZ8vbOj
3bH4HzoZZFq8UpZmI2AMgV;2x7h2ABCBEifwpDgNOGHGm
5YAhKEMTGMh6SxTSYcUJl6;2EbL9RN1CpNav0UzTQVRdm
5YAhKEMTGMh6SxTSYcUJl6;3ma4G9BfQ3iUrrCu4i00nQ
5YAhKEMTGMh6SxTSYcUJl6;1GIPP103zfsythULEpsmdw
5YAhKEMTGMh6SxTSYcUJl6;5uh6Ntl5gUIBgRsCPgc2k7
5YAhKEMTGMh6SxTSYcUJl6;4tmwiN9YU7xMjh2hoqcVuI
5YAhKEMTGMh6SxTSYcUJl6;2xYIBDUd1ftJTzXkUVgy6C
5YAhKEMTGMh6SxTSYcUJl6;6q6PeTloTbL2vb1Gt9sQQc
5YAhKEMTGMh6SxTSYcUJl6;4UP2cLNgUjPzCHKS92pp2U
5YAhKEMTGMh6SxTSYcUJl6;3WtB2who5tPeyzpe2rAoPk
5YAhKEMTGMh6SxTSYcUJl6;7zVfEu1dEvRw4EkWoqrBkx
5UCcfmuRD2N2G0fhJVk2KQ;4IU1RL4BKvFyXtbTwaHAvW
5UCcfmuRD2N2G0fhJVk2KQ;4MuDUGxerRIP7IiJzKfvM6
5UCcfmuRD2N2G0fhJVk2KQ;1oOnOS4xNZOMpCT0lKTNo2
5UCcfmuRD2N2G0fhJVk2KQ;3EFb1qDgIqf9MegIryKtDj
5UCcfmuRD2N2G0fhJVk2KQ;6ZSTinOwx5dKFYc6iYyGDn
5UCcfmuRD2N2G0fhJVk2KQ;4cix9zymmhisLuM56RDcB7
5UCcfmuRD2N2G0fhJVk2KQ;3XcjIvaZVUFAIdIYZqY9bd
5UCcfmuRD2N2G0fhJVk2KQ;0VNzEY1G4GLqcNx5qaaTl6
5UCcfmuRD2N2G0fhJVk2KQ;6L5BZEcZmD6RBJnimzlyKr
5UCcfmuRD2N2G0fhJVk2KQ;36Ew5C2l5r1GAZifRhp4YG
5WJANOnDUjsifEhWbOUofz;3uCkIqD0VzQUijbs8WIizs
5WJANOnDUjsifEhWbOUofz;1GLmaPfulP0BrfijohQpN5
5WJANOnDUjsifEhWbOUofz;0spSRHFS4zF4Imvz9sJcfL
5WJANOnDUjsifEhWbOUofz;0kcEK7YuNNfE7jiTnXS1cm
5WJANOnDUjsifEhWbOUofz;5gOnivVq0hLxPvIPC00ZhF
5WJANOnDUjsifEhWbOUofz;7fLTytvnvxy653VWxflTRf
5WJANOnDUjsifEhWbOUofz;6vUssnJuFxgw1EFG717Kd5
5WJANOnDUjsifEhWbOUofz;0wZuvGn7nZbKoyKOlwZQMF
5WJANOnDUjsifEhWbOUofz;4W8IEREeLldaSQyGXcZQ2I
5WJANOnDUjsifEhWbOUofz;6OojY4NdPiEGWHV2EUSwHz
5hYPcrC5DyePRtUN6iT6VC;6vxHp3CDNo0afgKGp2yi1E
5hYPcrC5DyePRtUN6iT6VC;56OdLFVSIGJdtVpHrAKkd4
5hYPcrC5DyePRtUN6iT6VC;6hzqAmGSQv3Sb5tY0WB8RA
5hYPcrC5DyePRtUN6iT6VC;3Lk77QOBVywNAVSqOPcuw2
5hYPcrC5DyePRtUN6iT6VC;11fNLqDB47gMKj7BHhR2Qr
5hYPcrC5DyePRtUN6iT6VC;4RZCoFsZHw9XvDZdv2jtkK
5hYPcrC5DyePRtUN6iT6VC;6Qb7gtV6Q4MnUjSbkFcopl
5hYPcrC5DyePRtUN6iT6VC;6L5BZEcZmD6RBJnimzlyKr
5hYPcrC5DyePRtUN6iT6VC;6lTQUF6os6Y400rkjWb30B
5hYPcrC5DyePRtUN6iT6VC;6lPbvFOOpN4pltOqJp7ddN
0WeqauIUZSjsupDGXsXWsP;1J3w85cS3FEmoSKRu2dQJ8
0WeqauIUZSjsupDGXsXWsP;5kZD0TTSYAgRzciBtKCmgT
0WeqauIUZSjsupDGXsXWsP;0ByKWq0hsuYriK5avSMJ5r
0WeqauIUZSjsupDGXsXWsP;0oLDa2suVfqJ6MJrTr1jw9
0WeqauIUZSjsupDGXsXWsP;27LyQFdQbui4TnRs05cZ8C
0WeqauIUZSjsupDGXsXWsP;3LntA1x0dyivFLNXAjtF0S
0WeqauIUZSjsupDGXsXWsP;3ma4G9BfQ3iUrrCu4i00nQ
0WeqauIUZSjsupDGXsXWsP;73M2Vb5MfZh8iGKudkMtlw
0WeqauIUZSjsupDGXsXWsP;6kVauIy0iOT2u1Gs8TBIqJ
0WeqauIUZSjsupDGXsXWsP;4P2I5Y9l4uPovs67LasSLQ
5EYi2rH4LYs6M21ZLOyQTx;5uIRujGRZv5t4fGKkUTv4n
5EYi2rH4LYs6M21ZLOyQTx;24mEcNnglAOmHEvzQmrZaY
5EYi2rH4LYs6M21ZLOyQTx;3woRy7uxzl1lO2XO99oHsN
5EYi2rH4LYs6M21ZLOyQTx;3pJJmtKV0ULcMJkx8xmYgP
5EYi2rH4LYs6M21ZLOyQTx;77G0k1La0c5Dw8bAFANcyp
5EYi2rH4LYs6M21ZLOyQTx;7hpJ9tATWb2vztlq99hERP
5EYi2rH4LYs6M21ZLOyQTx;6DwiGVCgXGREeCyJZtX7S1
5EYi2rH4LYs6M21ZLOyQTx;1olz3HctPa2yXmSniaCNLN
5EYi2rH4LYs6M21ZLOyQTx;75TDPu9k7Yv3IovdYaNCwk
5EYi2rH4LYs6M21ZLOyQTx;0rKtyWc8bvkriBthvHKY8d
6XXxkAAmnrc1LI0HMP4tOj;3OwtuzRo8mc7lgsBau9MWk
6XXxkAAmnrc1LI0HMP4tOj;2aoo2jlRnM3A0NyLQqMN2f
6XXxkAAmnrc1LI0HMP4tOj;1RwDsaft1szD0FO3DVEtaT
6XXxkAAmnrc1LI0HMP4tOj;0Aus4ZKUL1HKySUwtYcmHg
6XXxkAAmnrc1LI0HMP4tOj;6b2oQwSGFkzsMtQruIWm2p
6XXxkAAmnrc1LI0HMP4tOj;2Y6CA1HAZjwPxBL8EZjwUW
6XXxkAAmnrc1LI0HMP4tOj;6q4ThAeQ0Kcq67BTBRb3mn
6XXxkAAmnrc1LI0HMP4tOj;3zwmW1gM4E8FlHXV5nE16u
6XXxkAAmnrc1LI0HMP4tOj;2nQmWhZWggVGkfZnzodGeO
6XXxkAAmnrc1LI0HMP4tOj;1FTSo4v6BOZH9QxKc3MbVM
7aZOAs693mRDi3GLoOH2Yq;1WpzIV4chlExwghx3yQu57
7aZOAs693mRDi3GLoOH2Yq;7pVAdbWP9gQZvnOIqBL6Cl
7aZOAs693mRDi3GLoOH2Yq;69XEXAbJTZwFfVz7ayfg3I
7aZOAs693mRDi3GLoOH2Yq;5Mq9nSMTjHzhiVuB5jxQtw
7aZOAs693mRDi3GLoOH2Yq;3HQdwlovzULm18PjvlA5wz
7aZOAs693mRDi3GLoOH2Yq;6IBpFG2LU2udYofIuROp3w
7aZOAs693mRDi3GLoOH2Yq;4r7iDEGdW2Gw9hJlCbi5qL
7aZOAs693mRDi3GLoOH2Yq;5D96hxkIgJEoHXLUp7nQS4
7aZOAs693mRDi3GLoOH2Yq;2EbL9RN1CpNav0UzTQVRdm
7aZOAs693mRDi3GLoOH2Yq;2Vy7B6YpJHfqSzMmheUfvy
0Dx2JcexaaBU11URKp9Fc1;7iA8BlFVOityG3DGPExJtx
0Dx2JcexaaBU11URKp9Fc1;638sPxlYGXdimTEg4L7UKN
0Dx2JcexaaBU11URKp9Fc1;0PEXp5yk0sx9dJ8JzwvjJb
0Dx2JcexaaBU11URKp9Fc1;6Qng1hawspj0ddyexe0IHV
0Dx2JcexaaBU11URKp9Fc1;0itnOxZv0jVH0E6PaV02RR
0Dx2JcexaaBU11URKp9Fc1;7nZ9CzhiFRPhOQCn7eDSnn
0Dx2JcexaaBU11URKp9Fc1;1TuopWDIuDi1553081zvuU
0Dx2JcexaaBU11URKp9Fc1;4wSmqFg31t6LsQWtzYAJob
0Dx2JcexaaBU11URKp9Fc1;5G1RhMTSAzFSmTkeUbKlBF
0Dx2JcexaaBU11URKp9Fc1;2wzsaUL31aQAna0Rnd82mM
7BIOdfLxSJFojijMoozRYU;2RkUFQwcm9B2VC7zbNufs4
7BIOdfLxSJFojijMoozRYU;7w3UdxHC2iH5Rq8St46xit
7BIOdfLxSJFojijMoozRYU;2et6oWPKVAvxNPhtrR0Nuu
7BIOdfLxSJFojijMoozRYU;3qp9uvrwIESgqrVkQJi9WG
7BIOdfLxSJFojijMoozRYU;3crUAKD7hYVLdKXHq4vbHj
7BIOdfLxSJFojijMoozRYU;6UVkYeH7XgWkCCQK7aqIxG
7BIOdfLxSJFojijMoozRYU;3LWy1aiaQDWxQhup9u7FC0
7BIOdfLxSJFojijMoozRYU;6QKUiqynqnRbCfwjKqPvbM
7BIOdfLxSJFojijMoozRYU;3OfIlrcLfY730bFtsgWXVA
7BIOdfLxSJFojijMoozRYU;1aKbZ8QvW4EJjBV2EhLNv9
7u8LNgkrmUXGT6JEwiy8Ia;7LaCgCP7FCol0RYwMDQKwK
7u8LNgkrmUXGT6JEwiy8Ia;3MtP9T0WF4xbIo8vqHYeXM
7u8LNgkrmUXGT6JEwiy8Ia;1qfDfZAvrkSAFrAR2FTQDv
7u8LNgkrmUXGT6JEwiy8Ia;4lJ6YVXQ0jUk5ILu0PSrA4
7u8LNgkrmUXGT6JEwiy8Ia;5CKHhg31HcYYhwUeeGqvhq
7u8LNgkrmUXGT6JEwiy8Ia;5c33j1xFVOL4G24zxYhssB
7u8LNgkrmUXGT6JEwiy8Ia;0q8nQ0H4ad4KYcZdrTZPux
7u8LNgkrmUXGT6JEwiy8Ia;6b6IMqP565TbtFFZg9iFf3
7u8LNgkrmUXGT6JEwiy8Ia;0NeJjNlprGfZpeX2LQuN6c
7u8LNgkrmUXGT6JEwiy8Ia;5VgcM58bybW45T2WgTdbeY
10rA9ND4fP1MX0Nj0iobSp;7fKA60i4JhkavVw7fQFOHS
10rA9ND4fP1MX0Nj0iobSp;09ZGF6mwJVzw5jxqbtT53E
10rA9ND4fP1MX0Nj0iobSp;4OkML1wIzej3XnT9GONnv5
10rA9ND4fP1MX0Nj0iobSp;1PZMKTfrAn3HikmlYNUwY2
10rA9ND4fP1MX0Nj0iobSp;239IJFSqoUEL2k8tWzblWm
10rA9ND4fP1MX0Nj0iobSp;2DFRFqWNahKtFD112H2iEZ
10rA9ND4fP1MX0Nj0iobSp;0XMzFZgFvEqH2nEa3iwNUD
10rA9ND4fP1MX0Nj0iobSp;3Vv87GEXScl3IOGEhZ1uNa
10rA9ND4fP1MX0Nj0iobSp;6kVauIy0iOT2u1Gs8TBIqJ
10rA9ND4fP1MX0Nj0iobSp;7sReVMQAn2dkBi0l9Es5Tv
4zKzZHtGEn77bSIZpn9euO;7bO4utISJN0CtgiDqvHc7p
4zKzZHtGEn77bSIZpn9euO;6mbbXTBC7ADcjh5RCNrooU
4zKzZHtGEn77bSIZpn9euO;7DbQaamyK7sELuvPE8aPkk
4zKzZHtGEn77bSIZpn9euO;44X8rjgnXIJzWkOV5PT0aJ
4zKzZHtGEn77bSIZpn9euO;1xLiOXTkAetjRqmPQwELn4
4zKzZHtGEn77bSIZpn9euO;4x1GLHudcGIyixoQqy2KeF
4zKzZHtGEn77bSIZpn9euO;6QXtKi4TVe1458QNodE3cs
4zKzZHtGEn77bSIZpn9euO;1fFwKjaOXFRZ38wt9sOHEb
4zKzZHtGEn77bSIZpn9euO;4oAIcTUK9aVpT2gIBsbKXD
4zKzZHtGEn77bSIZpn9euO;7eby7k1AaLr3YT8z9wE996
6xFDqaIR9nBAVPRNNAI5kW;00D9QmFumhg2J7xjic5E7o
6xFDqaIR9nBAVPRNNAI5kW;4j8z75abjq2GCA1U7AaPRj
6xFDqaIR9nBAVPRNNAI5kW;0dH8cQPWcuczLRJrLDPn6r
6xFDqaIR9nBAVPRNNAI5kW;3Xpbz0FIYr7FzBpN8Df2b6
6xFDqaIR9nBAVPRNNAI5kW;5odTGHmEmSgYEQoV3Z3vZd
6xFDqaIR9nBAVPRNNAI5kW;1CvBqoxfDF1C1HtSh1NhCH
6xFDqaIR9nBAVPRNNAI5kW;1Q8Y36l005q2EFaw1RrF2m
6xFDqaIR9nBAVPRNNAI5kW;4RcOOIdJqpRNloqHvJmFjx
6xFDqaIR9nBAVPRNNAI5kW;2PqEBBcycY9mPxXEhIOSNW
6xFDqaIR9nBAVPRNNAI5kW;1rJvaquOqAd353fzF8VAld
52UpVoCjFsUKOdKRyaOGyM;0sK5rMYKs8CZUyZDCak2Rk
52UpVoCjFsUKOdKRyaOGyM;23Uv9xqLumDqEBNIdHhCcO
52UpVoCjFsUKOdKRyaOGyM;6ntTz7uUloZeuVm6xDf78e
52UpVoCjFsUKOdKRyaOGyM;61Xoj0dPObu3YXCo8lCRAc
52UpVoCjFsUKOdKRyaOGyM;2kkX9IzielZhUBybezdE0m
52UpVoCjFsUKOdKRyaOGyM;05l9N6SnERhSdH8XQR5TjK
52UpVoCjFsUKOdKRyaOGyM;03yVu7QbfYZWKFLftH7ibt
52UpVoCjFsUKOdKRyaOGyM;4I5kQyAYTvwHEIiZIP8B2j
52UpVoCjFsUKOdKRyaOGyM;1ddq4weEupa9Mh4SH1ruIY
52UpVoCjFsUKOdKRyaOGyM;1eTZQmiMtnoRrqwrjZE0Hy
4g3Ax56IslQkI6XVfYKVc5;0dWOFwdXrbBUYqD9DLsoyK
4g3Ax56IslQkI6XVfYKVc5;4Y6GIje3GErVRIq1Ff5BJq
4g3Ax56IslQkI6XVfYKVc5;41SwdQIX8Hy2u6fuEDgvWr
4g3Ax56IslQkI6XVfYKVc5;5fLfzMQ6T583mnUke8622M
4g3Ax56IslQkI6XVfYKVc5;3DPFmwFtV5ElQaTniLOdgk
4g3Ax56IslQkI6XVfYKVc5;1T5tDibcj3AmFmPxYGm6vp
4g3Ax56IslQkI6XVfYKVc5;53KFMdxzi8IJDewiql1Qo3
4g3Ax56IslQkI6XVfYKVc5;7oJmIBxEAYjfkS7lhZ7M1S
4g3Ax56IslQkI6XVfYKVc5;286TLtk120rnrmVeQClDTc
4g3Ax56IslQkI6XVfYKVc5;3f9Mzvd3URfbbIJBX4pz9Z
2X1XxaSRBqdJBcfyothrjT;2A9rFFPwsnhusCh8ZMBvYY
2X1XxaSRBqdJBcfyothrjT;7y8aVfDkqt6qirGNivvs0M
2X1XxaSRBqdJBcfyothrjT;7K0mE5JVPFag8rZyRsWGiN
2X1XxaSRBqdJBcfyothrjT;7Il9DcToArghdRRQxDfZ8t
2X1XxaSRBqdJBcfyothrjT;5B4QJOQOJ24qJVlGMtNREk
2X1XxaSRBqdJBcfyothrjT;34v7Zs9a64h1xC3PWrmypP
2X1XxaSRBqdJBcfyothrjT;10zzmoWQkfiUfZRBDS88i9
2X1XxaSRBqdJBcfyothrjT;0Sl8C9oeS3b5Kv9bSvTPDr
2X1XxaSRBqdJBcfyothrjT;3AA8xNhDC0MpqwkGX3EP5V
2X1XxaSRBqdJBcfyothrjT;0fcpu1gcnYAuWoMsw6nZLy
0IedgQjjJ8Ad4B3UDQ5Lyn;0c4IEciLCDdXEhhKxj4ThA
0IedgQjjJ8Ad4B3UDQ5Lyn;1SJYl3Dc2b4XeYeR6TOsyV
0IedgQjjJ8Ad4B3UDQ5Lyn;5U3qiJCXKCJ40Nf6tkI7Sq
0IedgQjjJ8Ad4B3UDQ5Lyn;0LtOwyZoSNZKJWHqjzADpW
0IedgQjjJ8Ad4B3UDQ5Lyn;79koEJRtKOOGJ0VSAF3FMk
0IedgQjjJ8Ad4B3UDQ5Lyn;0dcMqjeDpwqB2xhzMsld0p
0IedgQjjJ8Ad4B3UDQ5Lyn;2n3czHasOXYNf6ufeMJ2RU
0IedgQjjJ8Ad4B3UDQ5Lyn;0U0ldCRmgCqhVvD6ksG63j
0IedgQjjJ8Ad4B3UDQ5Lyn;0eEXcw3JLVXcRxYrVYMy68
0IedgQjjJ8Ad4B3UDQ5Lyn;6iXHdoxYWDuuacnffO2fzb
53FZHiJ5uEjQGxlxBeHaKm;2kJZvHENw6ZKuG1fO5yj6c
53FZHiJ5uEjQGxlxBeHaKm;74NCGV3sWtLtub4p4b1BRe
53FZHiJ5uEjQGxlxBeHaKm;6qH6xP8tzxvZlCcmHit4AL
53FZHiJ5uEjQGxlxBeHaKm;6KrDF0sid0jwhbVIT0tatx
53FZHiJ5uEjQGxlxBeHaKm;0jgsq6l1yMZIlJX4AFXAgA
53FZHiJ5uEjQGxlxBeHaKm;6w3bIc0BxTPGNHqyH4KNiY
53FZHiJ5uEjQGxlxBeHaKm;2h5CXy8Pme1lTY3CUAEI1i
53FZHiJ5uEjQGxlxBeHaKm;1ZEqsdIAqGRQj7vdd6sE9Z
53FZHiJ5uEjQGxlxBeHaKm;31tZnsUsd08h5hwOKxgolF
53FZHiJ5uEjQGxlxBeHaKm;44qMp7rcasrCmT2pBC1b0Z
1OutzYv6YiN93lrT3pJsWR;0kA5scXMiaO5Ms2GQ4pRWa
1OutzYv6YiN93lrT3pJsWR;2ouURa1AIXp3AvkS52Jry5
1OutzYv6YiN93lrT3pJsWR;59ZTxQo8rBycIXPLUIKvE2
1OutzYv6YiN93lrT3pJsWR;1jlG3KJ3gdYmhfuySFfpO1
1OutzYv6YiN93lrT3pJsWR;2oDqmfa2g8W893LlwJG1qu
1OutzYv6YiN93lrT3pJsWR;0t6DAi9KEiaWOtgTTXGhD2
1OutzYv6YiN93lrT3pJsWR;3CVDronuSnhguSUguPoseM
1OutzYv6YiN93lrT3pJsWR;2kyezitNXSQaIa1nsQRWVp
1OutzYv6YiN93lrT3pJsWR;6aqNCrRA7vs7v6QvRpI50t
1OutzYv6YiN93lrT3pJsWR;5rXGeLAZizVGaDpnB9nrZK
4FmP54uyq59Fxr1LMb2iap;05PSmIGYiyhu3h4woxunJz
4FmP54uyq59Fxr1LMb2iap;1gSwX7JwyNcno0RjkqnG79
4FmP54uyq59Fxr1LMb2iap;1wk65HwqQmAToe8MbOVYJG
4FmP54uyq59Fxr1LMb2iap;7dsdGzVxkzLhVokUmF0FPB
4FmP54uyq59Fxr1LMb2iap;1UxMcH3EDoV5zaMUUEpBef
4FmP54uyq59Fxr1LMb2iap;3fwOvQRkhUAdC2q9IR1YTk
4FmP54uyq59Fxr1LMb2iap;5Te9L4bDlcpjRhapxH5KLE
4FmP54uyq59Fxr1LMb2iap;0FoShIcwHMXXAfwUobD1Uq
4FmP54uyq59Fxr1LMb2iap;3RdGj32O9RzHZtdxP4TKlG
4FmP54uyq59Fxr1LMb2iap;7IrfJcVVPhtBhN5E0H2lG4
1Hxp5HNwMn0Hq5w3ndF1Jl;1EeXI9S8eg9ORSVzXOvGc8
1Hxp5HNwMn0Hq5w3ndF1Jl;2JMuPfZINXGI7V8nogTMQQ
1Hxp5HNwMn0Hq5w3ndF1Jl;1bzvpvkhOTzHeFPxAepFZt
1Hxp5HNwMn0Hq5w3ndF1Jl;718HCXN1Jntgf0cywbSZch
1Hxp5HNwMn0Hq5w3ndF1Jl;5xXLcDIdUPrvMdr5as7e8S
1Hxp5HNwMn0Hq5w3ndF1Jl;2Q9ExjJVBxSIXmuFnkt54v
1Hxp5HNwMn0Hq5w3ndF1Jl;3Xh70BsJYf9nHnc0FtN07i
1Hxp5HNwMn0Hq5w3ndF1Jl;2xUl8Bp6eLddk5mdv8I2Wo
1Hxp5HNwMn0Hq5w3ndF1Jl;6bx4OZkmaL3HkBawBXjpl4
1Hxp5HNwMn0Hq5w3ndF1Jl;3twYwf9MIPgQUgynBhrX0I
75i0xSwWwRoaKX43NGokyo;41oUguXMyo8KAzq8cTo92S
75i0xSwWwRoaKX43NGokyo;2Q9ExjJVBxSIXmuFnkt54v
75i0xSwWwRoaKX43NGokyo;1uEHyVgP3vcHl95qVbCEa0
75i0xSwWwRoaKX43NGokyo;0DtPiYyNbMoZWtfYHbqZ0P
75i0xSwWwRoaKX43NGokyo;4pbxBCFpbL5RvRr45Tn2sw
75i0xSwWwRoaKX43NGokyo;3hLOpBBMFAx38d1Bvivc1l
75i0xSwWwRoaKX43NGokyo;1ia819gHWbLBBYHqK76Yg8
75i0xSwWwRoaKX43NGokyo;0kEJ6yKhyKiEujr3WtFtNM
75i0xSwWwRoaKX43NGokyo;7cFSVDWmoFTOiR5QiW6kny
75i0xSwWwRoaKX43NGokyo;6RXC23Zrd4jEFjtXL1ZsZp
63dzOZmUCR7qJvNxUaoJfV;0dGhSrwTAdfdVG1pDGiLJR
63dzOZmUCR7qJvNxUaoJfV;6ADbZPiWZNsaCiIvsg5iq6
63dzOZmUCR7qJvNxUaoJfV;4HMmLuV21JOPv9RnK1WpAM
63dzOZmUCR7qJvNxUaoJfV;7eL3x9MfSzrms0BrBLSi9v
63dzOZmUCR7qJvNxUaoJfV;7mkoPXYGglz7c7Q3gpGirL
63dzOZmUCR7qJvNxUaoJfV;5jcUrXZtbeN7LfigXotUd7
63dzOZmUCR7qJvNxUaoJfV;5nZ7k6O4zidLyGSpI9RXMV
63dzOZmUCR7qJvNxUaoJfV;1PN5u1HFeRKkl74aCmSg0K
63dzOZmUCR7qJvNxUaoJfV;5DmZgEwHSyECU8V5KO0Kve
63dzOZmUCR7qJvNxUaoJfV;4IcWi1ZV4LLYpTukkjcgBc
6Yrz7uqmYQBPQ02bZdtdNg;7JGP1C1KvVxuaiwUwRlwSR
6Yrz7uqmYQBPQ02bZdtdNg;5lZnYYBvzQMOqeYkauXyIf
6Yrz7uqmYQBPQ02bZdtdNg;0DtPiYyNbMoZWtfYHbqZ0P
6Yrz7uqmYQBPQ02bZdtdNg;7D8TWo215drKqKLHNSQXSX
6Yrz7uqmYQBPQ02bZdtdNg;2meHFBSHxtXEPnmjIXFTFX
6Yrz7uqmYQBPQ02bZdtdNg;1MqqBQ9ivrwRHINJCt6p2a
6Yrz7uqmYQBPQ02bZdtdNg;4P9fsKZpfOWmYG4GMbkbYh
6Yrz7uqmYQBPQ02bZdtdNg;4MZmlWGwzhajXCJmIP2HWb
6Yrz7uqmYQBPQ02bZdtdNg;68OkUpUP90lHzv2EPRbE3p
6Yrz7uqmYQBPQ02bZdtdNg;2V58oh5emQj22lfn8xaP9I
1795xjdIUhxOl4HfibNSm8;7ufOJFposHNBC44IuJHnQj
1795xjdIUhxOl4HfibNSm8;4znP8CTxKfkbUEoW4ujin6
1795xjdIUhxOl4HfibNSm8;3JVnENbLG8glzbsHipzO2K
1795xjdIUhxOl4HfibNSm8;2cw6LzQllaYg5rqrOrM6rA
1795xjdIUhxOl4HfibNSm8;7o5pOePCS8wlnoxGPA6VHa
1795xjdIUhxOl4HfibNSm8;3N6fT6qYCnUKc6tGL8QmMx
1795xjdIUhxOl4HfibNSm8;0y9QTL8vzC28SmUvLM4t2C
1795xjdIUhxOl4HfibNSm8;40zZ9PMfVSd1RSR5bs0SLK
1795xjdIUhxOl4HfibNSm8;6z8oPcLH9Wyd7X5TRq8Vt2
1795xjdIUhxOl4HfibNSm8;3wGM9XxGu10oQUxJt0oOfT
6R9Q6q4KaS9EuwDmHa8pCn;4QB3WRZCWXvdB04Aqvermj
6R9Q6q4KaS9EuwDmHa8pCn;0Zs3kJlxEenw7Ffq2HWLY4
6R9Q6q4KaS9EuwDmHa8pCn;3wE2JNdZXzz7Cy67aK6dB6
6R9Q6q4KaS9EuwDmHa8pCn;1AzebkgGPRx8bTXuJv0dmw
6R9Q6q4KaS9EuwDmHa8pCn;2JilhEGTNpRPIe2MvOuoAK
6R9Q6q4KaS9EuwDmHa8pCn;28dErH6zwfZFzmzSzrbfZk
6R9Q6q4KaS9EuwDmHa8pCn;4QNZEiq8TTpXwJw7iRDVe6
6R9Q6q4KaS9EuwDmHa8pCn;3Ikl1NP2ZnR2QktOqkdQfi
6R9Q6q4KaS9EuwDmHa8pCn;4X0VhRAqFJkhVQDj9aqHg8
6R9Q6q4KaS9EuwDmHa8pCn;32Kl5tnLmxPt40LqyuPuXV
79VZJbDYiJ48yqLECDknjQ;2JilhEGTNpRPIe2MvOuoAK
79VZJbDYiJ48yqLECDknjQ;68OkUpUP90lHzv2EPRbE3p
79VZJbDYiJ48yqLECDknjQ;1EfhnavykuT0BCIPICirRK
79VZJbDYiJ48yqLECDknjQ;1OyO3mpALaKV4fgdNLptLs
79VZJbDYiJ48yqLECDknjQ;16iJCuM6DdhvwKtJkjQ9UU
79VZJbDYiJ48yqLECDknjQ;7cFSVDWmoFTOiR5QiW6kny
79VZJbDYiJ48yqLECDknjQ;1b6YFAjYVNCU16aeAJi4zJ
79VZJbDYiJ48yqLECDknjQ;2Og0CPgPwzCpgkJN1lItAY
79VZJbDYiJ48yqLECDknjQ;7IrfJcVVPhtBhN5E0H2lG4
79VZJbDYiJ48yqLECDknjQ;3E6U63o98Pky4qavezlM50
628RuiW8LvSPDfkhQuvK3B;4SSmMEnCKgFskYnzxCKwKH
628RuiW8LvSPDfkhQuvK3B;4ggCyLHi9itGzHsUgYhnN4
628RuiW8LvSPDfkhQuvK3B;4g5fyt6zZpFgAAWPGMpPIP
628RuiW8LvSPDfkhQuvK3B;2AKnsRHRxIoYMlV1aOfhSW
628RuiW8LvSPDfkhQuvK3B;1kjJLQhV2NDCWCf0ParWAJ
628RuiW8LvSPDfkhQuvK3B;3wE2JNdZXzz7Cy67aK6dB6
628RuiW8LvSPDfkhQuvK3B;00YjlHPywrjAcKVhQRv7xA
628RuiW8LvSPDfkhQuvK3B;0VgHtDX8mFQ7ECYXvVNSmj
628RuiW8LvSPDfkhQuvK3B;4DbjiOHuCNLOZOaGpBUsa0
628RuiW8LvSPDfkhQuvK3B;3bnDtd9zlNgFLMqgatre3n
0bsYNafaNDMIre5DnfwwJY;0T2wvB4dfkJEMDWZwOn3ZY
0bsYNafaNDMIre5DnfwwJY;1NzY8ZgJxVKpqUXTfGFhH0
0bsYNafaNDMIre5DnfwwJY;7qSYymHEX6i0hHof9EjqWW
0bsYNafaNDMIre5DnfwwJY;1QHKCYyQuuwkpdxyGtnojh
0bsYNafaNDMIre5DnfwwJY;4unOsvr9C2NqI9aJXrxpCy
0bsYNafaNDMIre5DnfwwJY;48BP0njoCVLgm2sfjHyB0S
0bsYNafaNDMIre5DnfwwJY;4lKwqIEmnm0wsRLOuwUMLv
0bsYNafaNDMIre5DnfwwJY;0WDAYiPgyIlAEaZ6sMR5T8
0bsYNafaNDMIre5DnfwwJY;5ZCamgcqvkckdf2FdfYuth
0bsYNafaNDMIre5DnfwwJY;61KlUNjlQDMbtyPyVLWMvR
