4MZEZz8MqVgvIMXU6AVP22;2Fv3LSqbgv5lrdClrc6XKc
4MZEZz8MqVgvIMXU6AVP22;5uRkew0DtfAQmv0oEYNwFF
4MZEZz8MqVgvIMXU6AVP22;6rxUq1D3nrvJnipbtb1oMG
4MZEZz8MqVgvIMXU6AVP22;3jYRpwbctfqB77uU7T7K3U
4MZEZz8MqVgvIMXU6AVP22;7gSQv1OHpkIoAdUiRLdmI6
4MZEZz8MqVgvIMXU6AVP22;4ZExvJvQXPEeYzGU0N3THi
4MZEZz8MqVgvIMXU6AVP22;2Xb6wJYGi0QXwURw5WWvI5
4MZEZz8MqVgvIMXU6AVP22;1pfSKTDigM2xnWG2Y0AquA
4MZEZz8MqVgvIMXU6AVP22;1US01PIcb3RFVrcN8mO8CS
4MZEZz8MqVgvIMXU6AVP22;0mJQlCl9YgxW7kyeltNiVk
4MZEZz8MqVgvIMXU6AVP22;2tVQhBSJ1SQtb4gX0taaiR
4MZEZz8MqVgvIMXU6AVP22;0ToHhkK4qtwEyKOxhQpMbJ
4MZEZz8MqVgvIMXU6AVP22;5x53pbGk6sbl1BGom19QQ5
4MZEZz8MqVgvIMXU6AVP22;7hVhRCDV100Jq26NGR7adw
4MZEZz8MqVgvIMXU6AVP22;2BstRQGodshjGpeDGQiNgo
4MZEZz8MqVgvIMXU6AVP22;7LbfuQVct78YoghmoPtsQ8
4MZEZz8MqVgvIMXU6AVP22;36vTL8WP4ZoD1bbUaW0V3E
4MZEZz8MqVgvIMXU6AVP22;5NU6nNizcd38J1xJi1tGXE
4MZEZz8MqVgvIMXU6AVP22;1A7hIo1C8jacIQ5ZiCjc8g
4MZEZz8MqVgvIMXU6AVP22;7fLTytvnvxy653VWxflTRf
2dcoDVcOc9hGPbtZFtpcw3;3PzsbWSQdLCKDLxn7YZfkM
2dcoDVcOc9hGPbtZFtpcw3;5cDfI3KOa64zbuUgD6a4hG
2dcoDVcOc9hGPbtZFtpcw3;6Ceejf3zBXvAhIY9DbP1Pr
2dcoDVcOc9hGPbtZFtpcw3;5ZLzl6T8JwqMTMdoE0nCbU
2dcoDVcOc9hGPbtZFtpcw3;0O87QQVWgCkkXAfrhsal55
2dcoDVcOc9hGPbtZFtpcw3;0xTY7Tld4DRxqUhxdw7bZW
2dcoDVcOc9hGPbtZFtpcw3;6V9VCm1zOY2lGR80RehJ9i
2dcoDVcOc9hGPbtZFtpcw3;7xSdwXmwpIzBxBvjf52oZI
2dcoDVcOc9hGPbtZFtpcw3;7v6SVPEUd7mq6O8A5ze7cp
2dcoDVcOc9hGPbtZFtpcw3;2hjAc6x8EoSLhGxRNg8KEw
2dcoDVcOc9hGPbtZFtpcw3;75Cc2encvSkQ5OnDgAfJaV
2dcoDVcOc9hGPbtZFtpcw3;0zb2kpEQMnqJPiLACKMiFM
2dcoDVcOc9hGPbtZFtpcw3;43sdRsmJFcSnlTWTVRhYtz
2dcoDVcOc9hGPbtZFtpcw3;6VrjF67WFChXh8uYYBfeRr
2dcoDVcOc9hGPbtZFtpcw3;6JssQFiBCi6ZcE6060S9A7
2dcoDVcOc9hGPbtZFtpcw3;69l8nFPu0LWmnoJX7YSVYc
2dcoDVcOc9hGPbtZFtpcw3;0yje3JVMgJNZENayymCTHA
2dcoDVcOc9hGPbtZFtpcw3;6sJlkqZqUOLXjWKJrDgRmd
2dcoDVcOc9hGPbtZFtpcw3;4z8D58IC56O0JH2B818SkX
2dcoDVcOc9hGPbtZFtpcw3;0qdQUeKVyevrbKhAo0ibxS
3O4s2m47MFhnGqmpkjoKYk;536L9C0N7vhYdibCJx3cI2
3O4s2m47MFhnGqmpkjoKYk;5aVp0fn7nuSxqx9Qr0vPAu
3O4s2m47MFhnGqmpkjoKYk;7zSDDsIlks515d0tZGM64x
3O4s2m47MFhnGqmpkjoKYk;75UoXjRBibZdgsBdXxSpd1
3O4s2m47MFhnGqmpkjoKYk;19UFoFiFCs3rTyHKSbvhZk
3O4s2m47MFhnGqmpkjoKYk;5gys5nzVQIYhgHIfiOJYva
3O4s2m47MFhnGqmpkjoKYk;4mxkQkZSX1BWgIYh5Q2Jt9
3O4s2m47MFhnGqmpkjoKYk;4uvARnZIajUDXWXPifhK3B
3O4s2m47MFhnGqmpkjoKYk;42CX3VhPsCG75BFp07r9Vj
3O4s2m47MFhnGqmpkjoKYk;2jHa1UWWuouaoFqE8I7W77
3O4s2m47MFhnGqmpkjoKYk;7MuygdIATbqaKMGqtUzKhg
3O4s2m47MFhnGqmpkjoKYk;3NWcFiL6oCEagrFiTdDr1m
3O4s2m47MFhnGqmpkjoKYk;1qjrYozGqc7upUgfN776lZ
3O4s2m47MFhnGqmpkjoKYk;5RzZLJtgtrFo46NqVZWmE3
3O4s2m47MFhnGqmpkjoKYk;2QlVjJhaIWXoN6LfCIVfPi
3O4s2m47MFhnGqmpkjoKYk;5d4E1hgkLyb7sXr5J3InnM
3O4s2m47MFhnGqmpkjoKYk;3FeT13jgWHqwsAKlCeO0FW
3O4s2m47MFhnGqmpkjoKYk;0SjnBEHZVXgCKvOrpvzL2k
3O4s2m47MFhnGqmpkjoKYk;1REhTT0VLMNb2d7q1fp1fm
3O4s2m47MFhnGqmpkjoKYk;3YnoRANvisc9OL9LTjQWYJ
5VSAonaAPhhGn0G7hMYwWK;7fLTytvnvxy653VWxflTRf
5VSAonaAPhhGn0G7hMYwWK;7qnxmC6qdYkjcoCJCeD8Jx
5VSAonaAPhhGn0G7hMYwWK;76TZCvJ8GitQ2FA1q5dKu0
5VSAonaAPhhGn0G7hMYwWK;1vQxicuNSODoBECPMFjHMG
5VSAonaAPhhGn0G7hMYwWK;51KKQAgYFoJHgVIuJWHdHb
5VSAonaAPhhGn0G7hMYwWK;2ymeOsYijJz09LfKw3yM2x
5VSAonaAPhhGn0G7hMYwWK;2LqzuRukwnpeWYLXBtiwmq
5VSAonaAPhhGn0G7hMYwWK;19Ym5Sg0YyOCa6ao21bdoG
5VSAonaAPhhGn0G7hMYwWK;608xszaAxVh4m7NcKJiAbF
5VSAonaAPhhGn0G7hMYwWK;4IU1RL4BKvFyXtbTwaHAvW
5VSAonaAPhhGn0G7hMYwWK;1ppuHX1oVMku5LTL0swNZP
5VSAonaAPhhGn0G7hMYwWK;2obblQ6tcePeOEVJV6nEGD
5VSAonaAPhhGn0G7hMYwWK;4SlCb8n5Jw52astU7GWPyV
5VSAonaAPhhGn0G7hMYwWK;67eX1ovaHyVPUinMHeUtIM
5VSAonaAPhhGn0G7hMYwWK;67oyFnjJnn78fZP9KjeZx0
5VSAonaAPhhGn0G7hMYwWK;6Xz7FeyE8HTP90HecgHV57
5VSAonaAPhhGn0G7hMYwWK;76TpWFiK5YCgw1hy26DWZp
5VSAonaAPhhGn0G7hMYwWK;37BTh5g05cxBIRYMbw8g2T
5VSAonaAPhhGn0G7hMYwWK;0ofHAoxe9vBkTCp2UQIavz
5VSAonaAPhhGn0G7hMYwWK;6JHXiRD1QjMK1N6AQEnL04
1UKobFsdqNXQb8OthimCKe;683b4ikwa62JevCjwrmfg6
1UKobFsdqNXQb8OthimCKe;3ZPLFD6mbw6hhu3g6S4EGl
1UKobFsdqNXQb8OthimCKe;4ls9aNVGSLhaIzfiVTqTyj
1UKobFsdqNXQb8OthimCKe;6tMRhn8hTFJm2A87tmjJPr
1UKobFsdqNXQb8OthimCKe;3QcuZo6WLcFkqqLmDs0d95
1UKobFsdqNXQb8OthimCKe;1drLQNS9D5z9lBP4DbtO2R
1UKobFsdqNXQb8OthimCKe;3B0ms7Xlxl16tRztKHpcu9
1UKobFsdqNXQb8OthimCKe;3c8JemHol1XwFFruXQxjCO
1UKobFsdqNXQb8OthimCKe;1LjPCQHkAYnJbQUgSoHaye
1UKobFsdqNXQb8OthimCKe;78ZqE2tjAxbqEGGlvGnQfT
1UKobFsdqNXQb8OthimCKe;1NeQzAqahRYI09bgLbhVFN
1UKobFsdqNXQb8OthimCKe;6HSXNV0b4M4cLJ7ljgVVeh
1UKobFsdqNXQb8OthimCKe;0P6TTXbSLGrSoTNMz5kvB7
1UKobFsdqNXQb8OthimCKe;6kPxXhjSvy8RsmZBAJUiFs
1UKobFsdqNXQb8OthimCKe;3lh3iiiJeiBXHSZw6u0kh6
1UKobFsdqNXQb8OthimCKe;4Xl2PrS3DJqqSKXCo6Uhv9
1UKobFsdqNXQb8OthimCKe;39m6vOwUEgjErRnsm93wu2
1UKobFsdqNXQb8OthimCKe;7ny2ATvjtKszCpLpfsGnVQ
1UKobFsdqNXQb8OthimCKe;3EtIraJEHVSbBvLw5msioH
1UKobFsdqNXQb8OthimCKe;69l8nFPu0LWmnoJX7YSVYc
1wfjfxtom5Lv2S15eXOaJW;2ehQ2UuXplkqly0XBBAPud
1wfjfxtom5Lv2S15eXOaJW;6QLh3oOA1AKocLHFH6j7qA
1wfjfxtom5Lv2S15eXOaJW;0kyM6MaS573Gt9Yna1rsqd
1wfjfxtom5Lv2S15eXOaJW;6oBVQQ4y3KkStoa0apQPrK
1wfjfxtom5Lv2S15eXOaJW;0HFu4LUT4kKxwIPFnS7UGz
1wfjfxtom5Lv2S15eXOaJW;6scUEism6pBnY0IXYr8fw3
1wfjfxtom5Lv2S15eXOaJW;5c3xGo679uxmjKtzGI3war
1wfjfxtom5Lv2S15eXOaJW;3KN0D3jPB4Hqi1xyuOoeKL
1wfjfxtom5Lv2S15eXOaJW;0ztrrIGMkmVhxZXyeWojUZ
1wfjfxtom5Lv2S15eXOaJW;3kpRgTtMnArQ5Gay0JxElf
1wfjfxtom5Lv2S15eXOaJW;5UDoMj8EIEXrQ4N0UR0nos
1wfjfxtom5Lv2S15eXOaJW;5G3rPk0gBvO5CKiGmKPbaw
1wfjfxtom5Lv2S15eXOaJW;5jbfC3A4ZfNIxAfWDQV3Vy
1wfjfxtom5Lv2S15eXOaJW;0fRAGPWGKsntkIB2uZ9zkd
1wfjfxtom5Lv2S15eXOaJW;6Vz2IQv3AYoznh4tjsrRPo
1wfjfxtom5Lv2S15eXOaJW;2KmmaNcswAMaKChpla8dTN
1wfjfxtom5Lv2S15eXOaJW;4jd0ItNMfF1gcbozPOJ2JA
1wfjfxtom5Lv2S15eXOaJW;7qsENBwgyt0QZdH93Cr8hV
1wfjfxtom5Lv2S15eXOaJW;64zd4bCqvVl6CLVyKLjC41
1wfjfxtom5Lv2S15eXOaJW;7ekj86VgKXB5XFTwVYnTQP
0jMyU6bO52IYhAEoWbT4K9;6sHrxsewgTMPs2Di4x636C
0jMyU6bO52IYhAEoWbT4K9;0rIzwgiiOBcyleLNOGYS2N
0jMyU6bO52IYhAEoWbT4K9;2PuUFT13yCzUOZun94WOXv
0jMyU6bO52IYhAEoWbT4K9;6eYqvu9hPLkKQL0YgHXKFV
0jMyU6bO52IYhAEoWbT4K9;7fF6Af2M3vL4IUtE8cMy6G
0jMyU6bO52IYhAEoWbT4K9;0kyM6MaS573Gt9Yna1rsqd
0jMyU6bO52IYhAEoWbT4K9;6ayQVhvuy6yRx19572hPMT
0jMyU6bO52IYhAEoWbT4K9;43sdRsmJFcSnlTWTVRhYtz
0jMyU6bO52IYhAEoWbT4K9;1vhlVbHnbKJPD7pqCC0cE7
0jMyU6bO52IYhAEoWbT4K9;4CwpuCZcK6Vym6BZd8Pgfe
0jMyU6bO52IYhAEoWbT4K9;3gQMqeXqiHFCafaTtFnHF8
0jMyU6bO52IYhAEoWbT4K9;1bp2IO61zbQrbWNmKKxg3f
0jMyU6bO52IYhAEoWbT4K9;4MlXFjRO6N7NXvMqPlH35o
0jMyU6bO52IYhAEoWbT4K9;19Shlms2uTnOjIUg50TXzd
0jMyU6bO52IYhAEoWbT4K9;0kp728Knw5PYvU3QzMZ0yJ
0jMyU6bO52IYhAEoWbT4K9;1A7hIo1C8jacIQ5ZiCjc8g
0jMyU6bO52IYhAEoWbT4K9;5NK8jad728pj6YeqM5VJD4
0jMyU6bO52IYhAEoWbT4K9;7dig0MXt7MBeqExosATbAq
0jMyU6bO52IYhAEoWbT4K9;5h6SovHOYpIMlAkafxcbq3
0jMyU6bO52IYhAEoWbT4K9;6BD1X1PeV5UzYUdiVaD2yL
3ayP2t2qMgIqj8Yy1xHtaa;7nAgijMWo4hUjsL8a8PohF
3ayP2t2qMgIqj8Yy1xHtaa;0Vth3l4XAo8hNYmxjzhr2y
3ayP2t2qMgIqj8Yy1xHtaa;4dAN7KcWCWx5jV6dpwtfvN
3ayP2t2qMgIqj8Yy1xHtaa;4p8QcNkaq2FQj8uGJ7HEDK
3ayP2t2qMgIqj8Yy1xHtaa;1vQxicuNSODoBECPMFjHMG
3ayP2t2qMgIqj8Yy1xHtaa;2xYQTU2bbg6WVAmpY1eae4
3ayP2t2qMgIqj8Yy1xHtaa;3hqsBLMAqJqrhr434Z7WlA
3ayP2t2qMgIqj8Yy1xHtaa;72DefuF22C6aPKrWhRFCBS
3ayP2t2qMgIqj8Yy1xHtaa;4l6uTQ4A2eWZrOzjgm1bey
3ayP2t2qMgIqj8Yy1xHtaa;40h65HAR8COEoqkMwUUQHu
3ayP2t2qMgIqj8Yy1xHtaa;43tziUTRfXfrlFGbAVYm4r
3ayP2t2qMgIqj8Yy1xHtaa;2Ov2aVPLMW0N8SYTeiKyki
3ayP2t2qMgIqj8Yy1xHtaa;3LMe4h7CrPLJrViTVzfDot
3ayP2t2qMgIqj8Yy1xHtaa;6Xz7FeyE8HTP90HecgHV57
3ayP2t2qMgIqj8Yy1xHtaa;1oht5GevPN9t1T3kG1m1GO
3ayP2t2qMgIqj8Yy1xHtaa;2eD5bmknmcojiCxoKpvVTI
3ayP2t2qMgIqj8Yy1xHtaa;0qdQUeKVyevrbKhAo0ibxS
3ayP2t2qMgIqj8Yy1xHtaa;0s1aSsYlLIEiy16LjFWbdp
3ayP2t2qMgIqj8Yy1xHtaa;51KKQAgYFoJHgVIuJWHdHb
3ayP2t2qMgIqj8Yy1xHtaa;1hwN2eAwsXgktvw9Qe8TrP
43RG1RyE3MUcvYERGSEglH;5WOLghNew2YKZO96gYoM7p
43RG1RyE3MUcvYERGSEglH;0eTHlx53lUn95HVsJtR6Qx
43RG1RyE3MUcvYERGSEglH;5TdGMnyETHJU5RdjFFbVRR
43RG1RyE3MUcvYERGSEglH;0y2QzIC1avdAqTbo0qrDJB
43RG1RyE3MUcvYERGSEglH;6yLIqXX9edg1x0HZS7cZEv
43RG1RyE3MUcvYERGSEglH;6eYqvu9hPLkKQL0YgHXKFV
43RG1RyE3MUcvYERGSEglH;05XNDab0Lhitzqk7tRpOnY
43RG1RyE3MUcvYERGSEglH;32ssNweOtmacNBEC2kHzA8
43RG1RyE3MUcvYERGSEglH;4HHge4zAyIw3pkrtFzmwCl
43RG1RyE3MUcvYERGSEglH;6fNID7koTl1dZBCs6FmK4E
43RG1RyE3MUcvYERGSEglH;28WOPgOKgwSIs9JLjpRbeA
43RG1RyE3MUcvYERGSEglH;6kXGGyEPSRS1g9Ltm70jo9
43RG1RyE3MUcvYERGSEglH;1tMgrPfqasA6KFUVCgvA4B
43RG1RyE3MUcvYERGSEglH;19P4fwkPhE6yVAXApFWDoF
43RG1RyE3MUcvYERGSEglH;6oZaeLPOAb3Rn408f3IQiB
43RG1RyE3MUcvYERGSEglH;7GZ1KaMcHyak0Csx9w078c
43RG1RyE3MUcvYERGSEglH;4wYiiLBB9MIUjcympJ9ADH
43RG1RyE3MUcvYERGSEglH;2BstRQGodshjGpeDGQiNgo
43RG1RyE3MUcvYERGSEglH;1M62G3EDBM7GE75tJIa1Hb
43RG1RyE3MUcvYERGSEglH;3GVhCuS4BRxCTvVj4Cmc8w
0SjnBEHZVXgCKvOrpvzL2k;5WOLghNew2YKZO96gYoM7p
0SjnBEHZVXgCKvOrpvzL2k;4yTGYFAl2ZOf8VWSdCYold
0SjnBEHZVXgCKvOrpvzL2k;5vVuiXoHyRGxJeCaHUpgae
0SjnBEHZVXgCKvOrpvzL2k;3dmqIB2Qxe2XZobw9gXxJ6
0SjnBEHZVXgCKvOrpvzL2k;4J0DbyODwZJcmIAiTSJfMF
0SjnBEHZVXgCKvOrpvzL2k;0zvNHIL7ci0ZzIoWU6RO2u
0SjnBEHZVXgCKvOrpvzL2k;7MooGz4ZPE4bNxjFegR6Jx
0SjnBEHZVXgCKvOrpvzL2k;76TZCvJ8GitQ2FA1q5dKu0
0SjnBEHZVXgCKvOrpvzL2k;4Y7fEQ4PAzhlLnLviRw2P4
0SjnBEHZVXgCKvOrpvzL2k;2HsjJJL4DhPCzMlnaGv7ap
0SjnBEHZVXgCKvOrpvzL2k;6UkMcAA19lTdjs22jtB7o2
0SjnBEHZVXgCKvOrpvzL2k;2RNd6VgxG19db0zs0M1C4Z
0SjnBEHZVXgCKvOrpvzL2k;2LqzuRukwnpeWYLXBtiwmq
0SjnBEHZVXgCKvOrpvzL2k;2r008pcfVYc0zgQvSRqUJE
0SjnBEHZVXgCKvOrpvzL2k;4SlCb8n5Jw52astU7GWPyV
0SjnBEHZVXgCKvOrpvzL2k;1YYhDizHx7PnDhAhko6cDS
0SjnBEHZVXgCKvOrpvzL2k;5AIcpQ7JFM3DZju7bPqb8t
0SjnBEHZVXgCKvOrpvzL2k;3O4s2m47MFhnGqmpkjoKYk
0SjnBEHZVXgCKvOrpvzL2k;69l8nFPu0LWmnoJX7YSVYc
0SjnBEHZVXgCKvOrpvzL2k;7Gr61S9VTm8fcYfAo4Fd9g
4IU1RL4BKvFyXtbTwaHAvW;5GvWrvLIqoHroq7YvO260M
4IU1RL4BKvFyXtbTwaHAvW;5AoZknxgY6F25gAcVahO41
4IU1RL4BKvFyXtbTwaHAvW;5995dMCC91V6Gmgt5u0FUh
4IU1RL4BKvFyXtbTwaHAvW;60VcYHxoyOdZyFb1EaKJdN
4IU1RL4BKvFyXtbTwaHAvW;3D0fUBloGwPcLGLyheGWXu
4IU1RL4BKvFyXtbTwaHAvW;02BsTeJE4q5gWOTt58ur5U
4IU1RL4BKvFyXtbTwaHAvW;34D6mvDTAPypm92EPs8Rxa
4IU1RL4BKvFyXtbTwaHAvW;3lh3iiiJeiBXHSZw6u0kh6
4IU1RL4BKvFyXtbTwaHAvW;40lm5PFVQopOYaIXmyWNS9
4IU1RL4BKvFyXtbTwaHAvW;39qYD4J4BKvZMQgxfXl5bv
4IU1RL4BKvFyXtbTwaHAvW;29SRvYOKbMLOZeOubNGtLb
4IU1RL4BKvFyXtbTwaHAvW;2RNd6VgxG19db0zs0M1C4Z
4IU1RL4BKvFyXtbTwaHAvW;6K1Wr66UPDkfsS4lrNdY9e
4IU1RL4BKvFyXtbTwaHAvW;4gvea7UlDkAvsJBPZAd4oB
4IU1RL4BKvFyXtbTwaHAvW;1RaUxP6LHVAgbmLOn2naLl
4IU1RL4BKvFyXtbTwaHAvW;1XxRYmDKuABtbtCozx3pA2
4IU1RL4BKvFyXtbTwaHAvW;1Pd1h30mgU05QkWYhgFzwt
4IU1RL4BKvFyXtbTwaHAvW;2PuUFT13yCzUOZun94WOXv
4IU1RL4BKvFyXtbTwaHAvW;4wYiiLBB9MIUjcympJ9ADH
4IU1RL4BKvFyXtbTwaHAvW;3GVhCuS4BRxCTvVj4Cmc8w
0ju1jP0cSPJ8tmojYBEI89;5eVLAs7AyOYMKuluTuWRuv
0ju1jP0cSPJ8tmojYBEI89;5IWjLo1jTrpcfdkCf4EeHb
0ju1jP0cSPJ8tmojYBEI89;3gHFKiDanj4d2rqgHlRFFc
0ju1jP0cSPJ8tmojYBEI89;3UGpUUtC5r93zMDZXcgwIQ
0ju1jP0cSPJ8tmojYBEI89;1B55mH2OWnHm8Lahr0gPQV
0ju1jP0cSPJ8tmojYBEI89;1tmsvXnG8JM0FZiUjCGTw7
0ju1jP0cSPJ8tmojYBEI89;5AoZknxgY6F25gAcVahO41
0ju1jP0cSPJ8tmojYBEI89;2zI3bUYn2pcF27of6i2oqK
0ju1jP0cSPJ8tmojYBEI89;23DZLSxCK6kM8FF2RlzKDl
0ju1jP0cSPJ8tmojYBEI89;2wvMC5EyaaYQwBfiwwY2xE
0ju1jP0cSPJ8tmojYBEI89;3NWcFiL6oCEagrFiTdDr1m
0ju1jP0cSPJ8tmojYBEI89;67eX1ovaHyVPUinMHeUtIM
0ju1jP0cSPJ8tmojYBEI89;2l9UM2IVGSulrohfekmKdr
0ju1jP0cSPJ8tmojYBEI89;3f0U5NaD1bCk8nmKpn2ZJY
0ju1jP0cSPJ8tmojYBEI89;3hqsBLMAqJqrhr434Z7WlA
0ju1jP0cSPJ8tmojYBEI89;0P6TTXbSLGrSoTNMz5kvB7
0ju1jP0cSPJ8tmojYBEI89;3zqvox7nyhykHe7WS8w9Rm
0ju1jP0cSPJ8tmojYBEI89;34FWzxRaGdAZyGQz0krlHF
0ju1jP0cSPJ8tmojYBEI89;16x9viSmRS3PII71Pdeowc
0ju1jP0cSPJ8tmojYBEI89;75Cc2encvSkQ5OnDgAfJaV
0vn7UBvSQECKJm2817Yf1P;2Fv3LSqbgv5lrdClrc6XKc
0Lpr5wXzWLtDWm1SjNbpPb;5uRkew0DtfAQmv0oEYNwFF
7emRV8AluG3d4e5T0DZiK9;6rxUq1D3nrvJnipbtb1oMG
3zXw2Eh96iTT51pytzHdZi;3jYRpwbctfqB77uU7T7K3U
2UZMlIwnkgAEDBsw1Rejkn;7gSQv1OHpkIoAdUiRLdmI6
5gxynDEKwNDgxGJmJjZyte;4ZExvJvQXPEeYzGU0N3THi
7tjbDPvrdvDshcpEMXKRVb;2Xb6wJYGi0QXwURw5WWvI5
7qBnCBxjX9xHgepd3ayVc5;1pfSKTDigM2xnWG2Y0AquA
44NX2ffIYHr6D4n7RaZF7A;1US01PIcb3RFVrcN8mO8CS
4TMHGUX5WI7OOm53PqSDAT;0mJQlCl9YgxW7kyeltNiVk
4wQ3PyMz3WwJGI5uEqHUVR;2tVQhBSJ1SQtb4gX0taaiR
1CYsQCypByMVgnv17qsSbQ;0ToHhkK4qtwEyKOxhQpMbJ
4tX2TplrkIP4v05BNC903e;5x53pbGk6sbl1BGom19QQ5
6DCIj8jNaNpBz8e5oKFPtp;7hVhRCDV100Jq26NGR7adw
6P7H3ai06vU1sGvdpBwDmE;2BstRQGodshjGpeDGQiNgo
4TMHGUX5WI7OOm53PqSDAT;7LbfuQVct78YoghmoPtsQ8
5AEG63ajney2BoDXi0Vb84;36vTL8WP4ZoD1bbUaW0V3E
4bx9rfUR9C0H26TEiVCwdi;5NU6nNizcd38J1xJi1tGXE
44NX2ffIYHr6D4n7RaZF7A;1A7hIo1C8jacIQ5ZiCjc8g
3v4feUQnU3VEUqFrjmtekL;7fLTytvnvxy653VWxflTRf
3eqjTLE0HfPfh78zjh6TqT;3PzsbWSQdLCKDLxn7YZfkM
2UDplVRprMbazU74Hq8OLl;5cDfI3KOa64zbuUgD6a4hG
4KDyYWR7IpxZ7xrdYbKrqY;6Ceejf3zBXvAhIY9DbP1Pr
4TMHGUX5WI7OOm53PqSDAT;5ZLzl6T8JwqMTMdoE0nCbU
59zdhVoWxSoHMc74n098Re;0O87QQVWgCkkXAfrhsal55
59QxeZBL6k9L4oJBGSyukd;0xTY7Tld4DRxqUhxdw7bZW
59hLmB5DrdihCYtNeFeW1U;6V9VCm1zOY2lGR80RehJ9i
3PCC1w6AJvKLFpZbDJrsGe;7xSdwXmwpIzBxBvjf52oZI
60ht0hWRy1yjUDfNsLuHuP;7v6SVPEUd7mq6O8A5ze7cp
44NX2ffIYHr6D4n7RaZF7A;2hjAc6x8EoSLhGxRNg8KEw
5lkiCO9UQ8B23dZ1o0UV4m;75Cc2encvSkQ5OnDgAfJaV
2CvCyf1gEVhI0mX6aFXmVI;0zb2kpEQMnqJPiLACKMiFM
06nsZ3qSOYZ2hPVIMcr1IN;43sdRsmJFcSnlTWTVRhYtz
73JEBdDEFeVaOLg3y0HhBD;6VrjF67WFChXh8uYYBfeRr
4KDyYWR7IpxZ7xrdYbKrqY;6JssQFiBCi6ZcE6060S9A7
0vn7UBvSQECKJm2817Yf1P;69l8nFPu0LWmnoJX7YSVYc
28AyklUmMECPwdfo8NEsV0;0yje3JVMgJNZENayymCTHA
4vpDg7Y7fU982Ds30zawDA;6sJlkqZqUOLXjWKJrDgRmd
3lPQ2Fk5JOwGWAF3ORFCqH;4z8D58IC56O0JH2B818SkX
7FIoB5PHdrMZVC3q2HE5MS;0qdQUeKVyevrbKhAo0ibxS
23rleGXVOVVgTk3xgtmfE4;536L9C0N7vhYdibCJx3cI2
4jL1usPiGDK8TD46zJP4gu;5aVp0fn7nuSxqx9Qr0vPAu
5xWPOujQqd4wXyB08slZ9Z;7zSDDsIlks515d0tZGM64x
6SuhlH2L1NB53bBscBqAdu;75UoXjRBibZdgsBdXxSpd1
78udmCDNaDu5jqfVnBqwia;19UFoFiFCs3rTyHKSbvhZk
55vs7NT1KxcFjbMC4y202E;5gys5nzVQIYhgHIfiOJYva
5xQKoGD7Ql92fWd1uWwKkf;4mxkQkZSX1BWgIYh5Q2Jt9
3vMWY1bUrmYoSoEWLiQWOZ;4uvARnZIajUDXWXPifhK3B
1eEfMU2AhEo7XnKgL7c304;42CX3VhPsCG75BFp07r9Vj
5BmXbfqAgfkuTkPlVQDKOW;2jHa1UWWuouaoFqE8I7W77
6jdObwsrIjSRnBbMw6lPBj;7MuygdIATbqaKMGqtUzKhg
5dbuFbrHa1SJlQhQX9OUJ2;3NWcFiL6oCEagrFiTdDr1m
77tT1kLj6mCWtFNqiOmP9H;1qjrYozGqc7upUgfN776lZ
2ekjTXgjxbWwBX5lTAj4DU;5RzZLJtgtrFo46NqVZWmE3
3vMWY1bUrmYoSoEWLiQWOZ;2QlVjJhaIWXoN6LfCIVfPi
7d7q5Y1p2QWS4QRAhTQR5E;5d4E1hgkLyb7sXr5J3InnM
6clbbhnIqpHnqxwtOWcilg;3FeT13jgWHqwsAKlCeO0FW
23rleGXVOVVgTk3xgtmfE4;0SjnBEHZVXgCKvOrpvzL2k
07CTbCcLVHYwZqp1YMdf4t;1REhTT0VLMNb2d7q1fp1fm
0cA5Tg15TwARIRZeiNT1RO;3YnoRANvisc9OL9LTjQWYJ
3v4feUQnU3VEUqFrjmtekL;7fLTytvnvxy653VWxflTRf
42q4Ivs7tAiCZ5C7eG5q4c;7qnxmC6qdYkjcoCJCeD8Jx
70cRZdQywnSFp9pnc2WTCE;76TZCvJ8GitQ2FA1q5dKu0
2hO4YtXUFJiUYS2uYFvHNK;1vQxicuNSODoBECPMFjHMG
2CvCyf1gEVhI0mX6aFXmVI;51KKQAgYFoJHgVIuJWHdHb
4FAEZeJcsYYBkNq2D3KGTV;2ymeOsYijJz09LfKw3yM2x
3Y5abCLsMxsOLaZ8rYusSR;2LqzuRukwnpeWYLXBtiwmq
08GQAI4eElDnROBrJRGE0X;19Ym5Sg0YyOCa6ao21bdoG
0ECwFtbIWEVNwjlrfc6xoL;608xszaAxVh4m7NcKJiAbF
35U9lQaRWSQISxQAB94Meo;4IU1RL4BKvFyXtbTwaHAvW
08F3Y3SctIlsOEmKd6dnH8;1ppuHX1oVMku5LTL0swNZP
42q4Ivs7tAiCZ5C7eG5q4c;2obblQ6tcePeOEVJV6nEGD
5lkiCO9UQ8B23dZ1o0UV4m;4SlCb8n5Jw52astU7GWPyV
3lPQ2Fk5JOwGWAF3ORFCqH;67eX1ovaHyVPUinMHeUtIM
3JsMj0DEzyWc0VDlHuy9Bx;67oyFnjJnn78fZP9KjeZx0
08F3Y3SctIlsOEmKd6dnH8;6Xz7FeyE8HTP90HecgHV57
7FIoB5PHdrMZVC3q2HE5MS;76TpWFiK5YCgw1hy26DWZp
0PFtn5NtBbbUNbU9EAmIWF;37BTh5g05cxBIRYMbw8g2T
08GQAI4eElDnROBrJRGE0X;0ofHAoxe9vBkTCp2UQIavz
0J2Ej2rMQyqaUX3G6MUISw;6JHXiRD1QjMK1N6AQEnL04
44NX2ffIYHr6D4n7RaZF7A;683b4ikwa62JevCjwrmfg6
6v8FB84lnmJs434UJf2Mrm;3ZPLFD6mbw6hhu3g6S4EGl
2LIdnZDzySb04oH40be1fR;4ls9aNVGSLhaIzfiVTqTyj
70cRZdQywnSFp9pnc2WTCE;6tMRhn8hTFJm2A87tmjJPr
5lkiCO9UQ8B23dZ1o0UV4m;3QcuZo6WLcFkqqLmDs0d95
5c3GLXai8YOMid29ZEuR9y;1drLQNS9D5z9lBP4DbtO2R
6jdObwsrIjSRnBbMw6lPBj;3B0ms7Xlxl16tRztKHpcu9
3RTzAwFprBqiskp550eSJX;3c8JemHol1XwFFruXQxjCO
1SQRv42e4PjEYfPhS0Tk9E;1LjPCQHkAYnJbQUgSoHaye
0GbqW5TJr7n4is453VOY4C;78ZqE2tjAxbqEGGlvGnQfT
5BcZ22XONcRoLhTbZRuME1;1NeQzAqahRYI09bgLbhVFN
74ASZWbe4lXaubB36ztrGX;6HSXNV0b4M4cLJ7ljgVVeh
0B6QEFtRnneEzb4iqjI0Nw;0P6TTXbSLGrSoTNMz5kvB7
1PCZpxHJz7WAMF8EEq8bfc;6kPxXhjSvy8RsmZBAJUiFs
44NX2ffIYHr6D4n7RaZF7A;3lh3iiiJeiBXHSZw6u0kh6
70cRZdQywnSFp9pnc2WTCE;4Xl2PrS3DJqqSKXCo6Uhv9
2pdvghEHZJtgSXZ7cvNLou;39m6vOwUEgjErRnsm93wu2
74ASZWbe4lXaubB36ztrGX;7ny2ATvjtKszCpLpfsGnVQ
5c3GLXai8YOMid29ZEuR9y;3EtIraJEHVSbBvLw5msioH
0vn7UBvSQECKJm2817Yf1P;69l8nFPu0LWmnoJX7YSVYc
0Qi9Fcmn1DJAoG8Agf5ibb;2ehQ2UuXplkqly0XBBAPud
3ZWab2LEVkNKiBPIClTwof;6QLh3oOA1AKocLHFH6j7qA
60ht0hWRy1yjUDfNsLuHuP;0kyM6MaS573Gt9Yna1rsqd
4Ajgo7nAsTzjSFymIfBjZ1;6oBVQQ4y3KkStoa0apQPrK
0Ekfvspc0hlcxdfJJVjcnq;0HFu4LUT4kKxwIPFnS7UGz
3loACRmkzdtOMNJEaB6j8L;6scUEism6pBnY0IXYr8fw3
4BrRTXokeSeCxUuJcZYq57;5c3xGo679uxmjKtzGI3war
37eqxl8DyLd5sQN54wYJbE;3KN0D3jPB4Hqi1xyuOoeKL
4tlnuBsCPe8BHUuADPvUSL;0ztrrIGMkmVhxZXyeWojUZ
7HeVXdOdMhLslVputGTZFQ;3kpRgTtMnArQ5Gay0JxElf
0nJUwPwC9Ti4vvuJ0q3MfT;5UDoMj8EIEXrQ4N0UR0nos
7epIIT85VR8OEggqKO3RSt;5G3rPk0gBvO5CKiGmKPbaw
2PL6uHCPVIWjmr6lK2U9pG;5jbfC3A4ZfNIxAfWDQV3Vy
0rESpKEusFHxhW59MIf7eM;0fRAGPWGKsntkIB2uZ9zkd
5O5V29YvM6AzAQ0rNt59fy;6Vz2IQv3AYoznh4tjsrRPo
1VfgWum48nwYJcCfdPwWgs;2KmmaNcswAMaKChpla8dTN
4tlnuBsCPe8BHUuADPvUSL;4jd0ItNMfF1gcbozPOJ2JA
4LhV33vJvXmFGSM3m5RzUR;7qsENBwgyt0QZdH93Cr8hV
5skM4jc4QoEpHiWWl6OoW7;64zd4bCqvVl6CLVyKLjC41
1rXr1ZnvbRoYBaedIl9v4v;7ekj86VgKXB5XFTwVYnTQP
6fzgnTv8gVkfFhA6V8Qdsh;6sHrxsewgTMPs2Di4x636C
2pJn4djuWrNQbNfrxHB13M;0rIzwgiiOBcyleLNOGYS2N
2pdvghEHZJtgSXZ7cvNLou;2PuUFT13yCzUOZun94WOXv
0rESpKEusFHxhW59MIf7eM;6eYqvu9hPLkKQL0YgHXKFV
2UBTfUoLI07iRqGeUrwhZh;7fF6Af2M3vL4IUtE8cMy6G
60ht0hWRy1yjUDfNsLuHuP;0kyM6MaS573Gt9Yna1rsqd
4Sld5LOPbAm1QSq9U32fFV;6ayQVhvuy6yRx19572hPMT
06nsZ3qSOYZ2hPVIMcr1IN;43sdRsmJFcSnlTWTVRhYtz
320TrJub4arztwXRm7kqVO;1vhlVbHnbKJPD7pqCC0cE7
0ZIwOAzDuGPspzK7yiTc4S;4CwpuCZcK6Vym6BZd8Pgfe
1CYsQCypByMVgnv17qsSbQ;3gQMqeXqiHFCafaTtFnHF8
6QtGlUje9TIkLrgPZrESuk;1bp2IO61zbQrbWNmKKxg3f
7j9PMegEgVN1fNp8NZXNCI;4MlXFjRO6N7NXvMqPlH35o
08GQAI4eElDnROBrJRGE0X;19Shlms2uTnOjIUg50TXzd
4TMHGUX5WI7OOm53PqSDAT;0kp728Knw5PYvU3QzMZ0yJ
44NX2ffIYHr6D4n7RaZF7A;1A7hIo1C8jacIQ5ZiCjc8g
5krkohEVJYw0qoB5VWwxaC;5NK8jad728pj6YeqM5VJD4
714osTgzZrkyf3SGjggpfY;7dig0MXt7MBeqExosATbAq
5hfOHpGMsi8O3DA0ROLGqF;5h6SovHOYpIMlAkafxcbq3
0543y7yrvny4KymoaneT4W;6BD1X1PeV5UzYUdiVaD2yL
2QkNXWhQoTVUMyS9OIDP0H;7nAgijMWo4hUjsL8a8PohF
3JhRHqCi8HEzkJVWt19LtN;0Vth3l4XAo8hNYmxjzhr2y
2pdvghEHZJtgSXZ7cvNLou;4dAN7KcWCWx5jV6dpwtfvN
39T6qqI0jDtSWWioX8eGJz;4p8QcNkaq2FQj8uGJ7HEDK
2hO4YtXUFJiUYS2uYFvHNK;1vQxicuNSODoBECPMFjHMG
5W5bDNCqJ1jbCgTxDD0Cb3;2xYQTU2bbg6WVAmpY1eae4
6yrBBtqX2gKCHCrZOYBDrB;3hqsBLMAqJqrhr434Z7WlA
1KA3WXYMPLxomNuoE22LYd;72DefuF22C6aPKrWhRFCBS
0fyqyjD7pbaVzbu94ylWQR;4l6uTQ4A2eWZrOzjgm1bey
0ECwFtbIWEVNwjlrfc6xoL;40h65HAR8COEoqkMwUUQHu
1MXwwmS2JpmsHZhdMeOL2s;43tziUTRfXfrlFGbAVYm4r
6r1Xmz7YUD4z0VRUoGm8XN;2Ov2aVPLMW0N8SYTeiKyki
2pdvghEHZJtgSXZ7cvNLou;3LMe4h7CrPLJrViTVzfDot
08F3Y3SctIlsOEmKd6dnH8;6Xz7FeyE8HTP90HecgHV57
0vn7UBvSQECKJm2817Yf1P;1oht5GevPN9t1T3kG1m1GO
7EK1bQADBoqbYXnT4Cqv9w;2eD5bmknmcojiCxoKpvVTI
7FIoB5PHdrMZVC3q2HE5MS;0qdQUeKVyevrbKhAo0ibxS
6P7H3ai06vU1sGvdpBwDmE;0s1aSsYlLIEiy16LjFWbdp
2CvCyf1gEVhI0mX6aFXmVI;51KKQAgYFoJHgVIuJWHdHb
6DbJi8AcN5ANdtvJcwBSw8;1hwN2eAwsXgktvw9Qe8TrP
0vn7UBvSQECKJm2817Yf1P;5WOLghNew2YKZO96gYoM7p
0ZIwOAzDuGPspzK7yiTc4S;0eTHlx53lUn95HVsJtR6Qx
4FAEZeJcsYYBkNq2D3KGTV;5TdGMnyETHJU5RdjFFbVRR
6vI5AwXkw8IFD7zsw6NkTp;0y2QzIC1avdAqTbo0qrDJB
6waa8mKu91GjzD4NlONlNJ;6yLIqXX9edg1x0HZS7cZEv
0rESpKEusFHxhW59MIf7eM;6eYqvu9hPLkKQL0YgHXKFV
5s6TJEuHTr9GR894wc6VfP;05XNDab0Lhitzqk7tRpOnY
2kuNswDC82PL9xRbfaZJaS;32ssNweOtmacNBEC2kHzA8
319yZVtYM9MBGqmSQnMyY6;4HHge4zAyIw3pkrtFzmwCl
0fyqyjD7pbaVzbu94ylWQR;6fNID7koTl1dZBCs6FmK4E
4WlSvDKaq1PA2Nr7cCIPxX;28WOPgOKgwSIs9JLjpRbeA
2pdvghEHZJtgSXZ7cvNLou;6kXGGyEPSRS1g9Ltm70jo9
3ZBIKwEmexGQHro1PDM75t;1tMgrPfqasA6KFUVCgvA4B
5bDxAyJiTYBat1YnFJhvEK;19P4fwkPhE6yVAXApFWDoF
0zlJDQgqnr9AocrH9gs1Es;6oZaeLPOAb3Rn408f3IQiB
46njgd2Rq9tZc4ZjeQMgbh;7GZ1KaMcHyak0Csx9w078c
0Lpr5wXzWLtDWm1SjNbpPb;4wYiiLBB9MIUjcympJ9ADH
6P7H3ai06vU1sGvdpBwDmE;2BstRQGodshjGpeDGQiNgo
5dbuFbrHa1SJlQhQX9OUJ2;1M62G3EDBM7GE75tJIa1Hb
0J2Ej2rMQyqaUX3G6MUISw;3GVhCuS4BRxCTvVj4Cmc8w
0vn7UBvSQECKJm2817Yf1P;5WOLghNew2YKZO96gYoM7p
6jdObwsrIjSRnBbMw6lPBj;4yTGYFAl2ZOf8VWSdCYold
3z6Uf5IZkN4TogRpRpgD84;5vVuiXoHyRGxJeCaHUpgae
4tX2TplrkIP4v05BNC903e;3dmqIB2Qxe2XZobw9gXxJ6
7EK1bQADBoqbYXnT4Cqv9w;4J0DbyODwZJcmIAiTSJfMF
0jgAONnsHxrwAlhkMUVS78;0zvNHIL7ci0ZzIoWU6RO2u
2UZMlIwnkgAEDBsw1Rejkn;7MooGz4ZPE4bNxjFegR6Jx
70cRZdQywnSFp9pnc2WTCE;76TZCvJ8GitQ2FA1q5dKu0
6v8FB84lnmJs434UJf2Mrm;4Y7fEQ4PAzhlLnLviRw2P4
3lPQ2Fk5JOwGWAF3ORFCqH;2HsjJJL4DhPCzMlnaGv7ap
5hW4L92KnC6dX9t7tYM4Ve;6UkMcAA19lTdjs22jtB7o2
3HC7NcxQx2Yk0fWoRKJ0xF;2RNd6VgxG19db0zs0M1C4Z
3Y5abCLsMxsOLaZ8rYusSR;2LqzuRukwnpeWYLXBtiwmq
4fcPqfHfCnNnKTFT8GwSei;2r008pcfVYc0zgQvSRqUJE
5lkiCO9UQ8B23dZ1o0UV4m;4SlCb8n5Jw52astU7GWPyV
7EK1bQADBoqbYXnT4Cqv9w;1YYhDizHx7PnDhAhko6cDS
4M1fxLs3K8DkyCaTEpdfo0;5AIcpQ7JFM3DZju7bPqb8t
0cA5Tg15TwARIRZeiNT1RO;3O4s2m47MFhnGqmpkjoKYk
0vn7UBvSQECKJm2817Yf1P;69l8nFPu0LWmnoJX7YSVYc
5lkiCO9UQ8B23dZ1o0UV4m;7Gr61S9VTm8fcYfAo4Fd9g
24hJWbo98sH84tb0nkeaqy;5GvWrvLIqoHroq7YvO260M
2pdvghEHZJtgSXZ7cvNLou;5AoZknxgY6F25gAcVahO41
1PCZpxHJz7WAMF8EEq8bfc;5995dMCC91V6Gmgt5u0FUh
4vpDg7Y7fU982Ds30zawDA;60VcYHxoyOdZyFb1EaKJdN
1667U2YoucgG5Pdvm2M59c;3D0fUBloGwPcLGLyheGWXu
0ECwFtbIWEVNwjlrfc6xoL;02BsTeJE4q5gWOTt58ur5U
6clbbhnIqpHnqxwtOWcilg;34D6mvDTAPypm92EPs8Rxa
44NX2ffIYHr6D4n7RaZF7A;3lh3iiiJeiBXHSZw6u0kh6
2pdvghEHZJtgSXZ7cvNLou;40lm5PFVQopOYaIXmyWNS9
2m62cc253Xvd9qYQ8d2X3d;39qYD4J4BKvZMQgxfXl5bv
6KOqPxwfNAmZPkiCnDE9yT;29SRvYOKbMLOZeOubNGtLb
3HC7NcxQx2Yk0fWoRKJ0xF;2RNd6VgxG19db0zs0M1C4Z
39T6qqI0jDtSWWioX8eGJz;6K1Wr66UPDkfsS4lrNdY9e
5dbuFbrHa1SJlQhQX9OUJ2;4gvea7UlDkAvsJBPZAd4oB
6clbbhnIqpHnqxwtOWcilg;1RaUxP6LHVAgbmLOn2naLl
320EPCSEezHt1rtbfwH6Ck;1XxRYmDKuABtbtCozx3pA2
7jefIIksOi1EazgRTfW2Pk;1Pd1h30mgU05QkWYhgFzwt
2pdvghEHZJtgSXZ7cvNLou;2PuUFT13yCzUOZun94WOXv
0Lpr5wXzWLtDWm1SjNbpPb;4wYiiLBB9MIUjcympJ9ADH
0J2Ej2rMQyqaUX3G6MUISw;3GVhCuS4BRxCTvVj4Cmc8w
7emRV8AluG3d4e5T0DZiK9;5eVLAs7AyOYMKuluTuWRuv
3Y3xIwWyq5wnNHPp5gPjOW;5IWjLo1jTrpcfdkCf4EeHb
0Lpr5wXzWLtDWm1SjNbpPb;3gHFKiDanj4d2rqgHlRFFc
08F3Y3SctIlsOEmKd6dnH8;3UGpUUtC5r93zMDZXcgwIQ
7d7q5Y1p2QWS4QRAhTQR5E;1B55mH2OWnHm8Lahr0gPQV
4jL1usPiGDK8TD46zJP4gu;1tmsvXnG8JM0FZiUjCGTw7
2pdvghEHZJtgSXZ7cvNLou;5AoZknxgY6F25gAcVahO41
6QtGlUje9TIkLrgPZrESuk;2zI3bUYn2pcF27of6i2oqK
1sXbwvCQLGZnaH0Jp2HTVc;23DZLSxCK6kM8FF2RlzKDl
5bDxAyJiTYBat1YnFJhvEK;2wvMC5EyaaYQwBfiwwY2xE
5dbuFbrHa1SJlQhQX9OUJ2;3NWcFiL6oCEagrFiTdDr1m
3lPQ2Fk5JOwGWAF3ORFCqH;67eX1ovaHyVPUinMHeUtIM
6r1Xmz7YUD4z0VRUoGm8XN;2l9UM2IVGSulrohfekmKdr
2CvCyf1gEVhI0mX6aFXmVI;3f0U5NaD1bCk8nmKpn2ZJY
6yrBBtqX2gKCHCrZOYBDrB;3hqsBLMAqJqrhr434Z7WlA
0B6QEFtRnneEzb4iqjI0Nw;0P6TTXbSLGrSoTNMz5kvB7
4fcPqfHfCnNnKTFT8GwSei;3zqvox7nyhykHe7WS8w9Rm
1MXwwmS2JpmsHZhdMeOL2s;34FWzxRaGdAZyGQz0krlHF
55vs7NT1KxcFjbMC4y202E;16x9viSmRS3PII71Pdeowc
5lkiCO9UQ8B23dZ1o0UV4m;75Cc2encvSkQ5OnDgAfJaV
5lkiCO9UQ8B23dZ1o0UV4m;2pdvghEHZJtgSXZ7cvNLou
5lkiCO9UQ8B23dZ1o0UV4m;0vn7UBvSQECKJm2817Yf1P
5lkiCO9UQ8B23dZ1o0UV4m;5dbuFbrHa1SJlQhQX9OUJ2
5lkiCO9UQ8B23dZ1o0UV4m;7emRV8AluG3d4e5T0DZiK9
5lkiCO9UQ8B23dZ1o0UV4m;0fyqyjD7pbaVzbu94ylWQR
5lkiCO9UQ8B23dZ1o0UV4m;0cA5Tg15TwARIRZeiNT1RO
5lkiCO9UQ8B23dZ1o0UV4m;3mY9Ii0cL5SQxpOTAm8SHx
5lkiCO9UQ8B23dZ1o0UV4m;23rleGXVOVVgTk3xgtmfE4
5lkiCO9UQ8B23dZ1o0UV4m;4WlSvDKaq1PA2Nr7cCIPxX
5lkiCO9UQ8B23dZ1o0UV4m;46njgd2Rq9tZc4ZjeQMgbh
5lkiCO9UQ8B23dZ1o0UV4m;44NX2ffIYHr6D4n7RaZF7A
5lkiCO9UQ8B23dZ1o0UV4m;6jdObwsrIjSRnBbMw6lPBj
5lkiCO9UQ8B23dZ1o0UV4m;6clbbhnIqpHnqxwtOWcilg
5lkiCO9UQ8B23dZ1o0UV4m;5gxynDEKwNDgxGJmJjZyte
5lkiCO9UQ8B23dZ1o0UV4m;35U9lQaRWSQISxQAB94Meo
5lkiCO9UQ8B23dZ1o0UV4m;1R6Hx1tJ2VOUyodEpC12xM
5lkiCO9UQ8B23dZ1o0UV4m;4KDyYWR7IpxZ7xrdYbKrqY
5lkiCO9UQ8B23dZ1o0UV4m;1CYsQCypByMVgnv17qsSbQ
5lkiCO9UQ8B23dZ1o0UV4m;2CvCyf1gEVhI0mX6aFXmVI
5lkiCO9UQ8B23dZ1o0UV4m;2iM28IgKg89v1o7BTQAVPo
5lkiCO9UQ8B23dZ1o0UV4m;2pdvghEHZJtgSXZ7cvNLou
5lkiCO9UQ8B23dZ1o0UV4m;0vn7UBvSQECKJm2817Yf1P
5lkiCO9UQ8B23dZ1o0UV4m;5dbuFbrHa1SJlQhQX9OUJ2
5lkiCO9UQ8B23dZ1o0UV4m;7emRV8AluG3d4e5T0DZiK9
5lkiCO9UQ8B23dZ1o0UV4m;0fyqyjD7pbaVzbu94ylWQR
5lkiCO9UQ8B23dZ1o0UV4m;0cA5Tg15TwARIRZeiNT1RO
5lkiCO9UQ8B23dZ1o0UV4m;3mY9Ii0cL5SQxpOTAm8SHx
5lkiCO9UQ8B23dZ1o0UV4m;23rleGXVOVVgTk3xgtmfE4
5lkiCO9UQ8B23dZ1o0UV4m;4WlSvDKaq1PA2Nr7cCIPxX
5lkiCO9UQ8B23dZ1o0UV4m;46njgd2Rq9tZc4ZjeQMgbh
5lkiCO9UQ8B23dZ1o0UV4m;44NX2ffIYHr6D4n7RaZF7A
5lkiCO9UQ8B23dZ1o0UV4m;6jdObwsrIjSRnBbMw6lPBj
5lkiCO9UQ8B23dZ1o0UV4m;6clbbhnIqpHnqxwtOWcilg
5lkiCO9UQ8B23dZ1o0UV4m;5gxynDEKwNDgxGJmJjZyte
5lkiCO9UQ8B23dZ1o0UV4m;35U9lQaRWSQISxQAB94Meo
5lkiCO9UQ8B23dZ1o0UV4m;1R6Hx1tJ2VOUyodEpC12xM
5lkiCO9UQ8B23dZ1o0UV4m;4KDyYWR7IpxZ7xrdYbKrqY
5lkiCO9UQ8B23dZ1o0UV4m;1CYsQCypByMVgnv17qsSbQ
5lkiCO9UQ8B23dZ1o0UV4m;2CvCyf1gEVhI0mX6aFXmVI
5lkiCO9UQ8B23dZ1o0UV4m;2iM28IgKg89v1o7BTQAVPo
0cA5Tg15TwARIRZeiNT1RO;6jdObwsrIjSRnBbMw6lPBj
0cA5Tg15TwARIRZeiNT1RO;7emRV8AluG3d4e5T0DZiK9
0cA5Tg15TwARIRZeiNT1RO;1tfXh4XxILEuMU2qZupFn8
0cA5Tg15TwARIRZeiNT1RO;3JhRHqCi8HEzkJVWt19LtN
0cA5Tg15TwARIRZeiNT1RO;6clbbhnIqpHnqxwtOWcilg
0cA5Tg15TwARIRZeiNT1RO;1667U2YoucgG5Pdvm2M59c
0cA5Tg15TwARIRZeiNT1RO;6EJmqnuK0r6qiAevFFiNNR
0cA5Tg15TwARIRZeiNT1RO;6kEsKkXuE4olX7m3mNLZkS
0cA5Tg15TwARIRZeiNT1RO;0J2Ej2rMQyqaUX3G6MUISw
0cA5Tg15TwARIRZeiNT1RO;3Y5abCLsMxsOLaZ8rYusSR
0cA5Tg15TwARIRZeiNT1RO;42q4Ivs7tAiCZ5C7eG5q4c
0cA5Tg15TwARIRZeiNT1RO;0fyqyjD7pbaVzbu94ylWQR
0cA5Tg15TwARIRZeiNT1RO;70ZTdbPEcEugBNay4MvxfL
0cA5Tg15TwARIRZeiNT1RO;0I7UnRLIdCD310ZBgeuqh5
0cA5Tg15TwARIRZeiNT1RO;5BmXbfqAgfkuTkPlVQDKOW
0cA5Tg15TwARIRZeiNT1RO;1MXwwmS2JpmsHZhdMeOL2s
0cA5Tg15TwARIRZeiNT1RO;35U9lQaRWSQISxQAB94Meo
0cA5Tg15TwARIRZeiNT1RO;0vn7UBvSQECKJm2817Yf1P
0cA5Tg15TwARIRZeiNT1RO;7BEfMxbaqx6dOpbtlEqScm
0cA5Tg15TwARIRZeiNT1RO;23rleGXVOVVgTk3xgtmfE4
35U9lQaRWSQISxQAB94Meo;6jdObwsrIjSRnBbMw6lPBj
35U9lQaRWSQISxQAB94Meo;0cA5Tg15TwARIRZeiNT1RO
35U9lQaRWSQISxQAB94Meo;7emRV8AluG3d4e5T0DZiK9
35U9lQaRWSQISxQAB94Meo;70ZTdbPEcEugBNay4MvxfL
35U9lQaRWSQISxQAB94Meo;6clbbhnIqpHnqxwtOWcilg
35U9lQaRWSQISxQAB94Meo;2pdvghEHZJtgSXZ7cvNLou
35U9lQaRWSQISxQAB94Meo;1tfXh4XxILEuMU2qZupFn8
35U9lQaRWSQISxQAB94Meo;1R6Hx1tJ2VOUyodEpC12xM
35U9lQaRWSQISxQAB94Meo;0J2Ej2rMQyqaUX3G6MUISw
35U9lQaRWSQISxQAB94Meo;0vn7UBvSQECKJm2817Yf1P
35U9lQaRWSQISxQAB94Meo;39T6qqI0jDtSWWioX8eGJz
35U9lQaRWSQISxQAB94Meo;46njgd2Rq9tZc4ZjeQMgbh
35U9lQaRWSQISxQAB94Meo;0DW7boyjvbaSP3OJ72sXgC
35U9lQaRWSQISxQAB94Meo;23rleGXVOVVgTk3xgtmfE4
35U9lQaRWSQISxQAB94Meo;0fyqyjD7pbaVzbu94ylWQR
35U9lQaRWSQISxQAB94Meo;3iDD7bnsjL9J4fO298r0L0
35U9lQaRWSQISxQAB94Meo;3HC7NcxQx2Yk0fWoRKJ0xF
35U9lQaRWSQISxQAB94Meo;7tjbDPvrdvDshcpEMXKRVb
35U9lQaRWSQISxQAB94Meo;5lkiCO9UQ8B23dZ1o0UV4m
35U9lQaRWSQISxQAB94Meo;1gRNBaI4yn6wCCTvRhGWh8
2pdvghEHZJtgSXZ7cvNLou;1CYsQCypByMVgnv17qsSbQ
2pdvghEHZJtgSXZ7cvNLou;4WlSvDKaq1PA2Nr7cCIPxX
2pdvghEHZJtgSXZ7cvNLou;59zdhVoWxSoHMc74n098Re
2pdvghEHZJtgSXZ7cvNLou;2E6Roj0oQnJIm2BeXwDica
2pdvghEHZJtgSXZ7cvNLou;0fyqyjD7pbaVzbu94ylWQR
2pdvghEHZJtgSXZ7cvNLou;4vpDg7Y7fU982Ds30zawDA
2pdvghEHZJtgSXZ7cvNLou;3eskO5m0H4yiF64vRySBjr
2pdvghEHZJtgSXZ7cvNLou;5lkiCO9UQ8B23dZ1o0UV4m
2pdvghEHZJtgSXZ7cvNLou;7emRV8AluG3d4e5T0DZiK9
2pdvghEHZJtgSXZ7cvNLou;1MXwwmS2JpmsHZhdMeOL2s
2pdvghEHZJtgSXZ7cvNLou;2DWQX92uew7DlsgN0yD775
2pdvghEHZJtgSXZ7cvNLou;1PCZpxHJz7WAMF8EEq8bfc
2pdvghEHZJtgSXZ7cvNLou;35U9lQaRWSQISxQAB94Meo
2pdvghEHZJtgSXZ7cvNLou;1CD77o9fbdyQFrHnUPUEsF
2pdvghEHZJtgSXZ7cvNLou;24GaH9tRBgZjlvOhpFuKi2
2pdvghEHZJtgSXZ7cvNLou;23rleGXVOVVgTk3xgtmfE4
2pdvghEHZJtgSXZ7cvNLou;0ZIwOAzDuGPspzK7yiTc4S
2pdvghEHZJtgSXZ7cvNLou;3ZBIKwEmexGQHro1PDM75t
2pdvghEHZJtgSXZ7cvNLou;6jdObwsrIjSRnBbMw6lPBj
2pdvghEHZJtgSXZ7cvNLou;0vn7UBvSQECKJm2817Yf1P
2kTXvMOmrHVjVewErG5kHD;3Heoc2fnXqDWMr9E5bt7bs
2kTXvMOmrHVjVewErG5kHD;5feiuL9YrwTUV6KYUjkGWx
2kTXvMOmrHVjVewErG5kHD;39ZEMGRv3pIYTYKEhr4Abu
2kTXvMOmrHVjVewErG5kHD;2RzmnX5DXwcryxwUyREPbK
2kTXvMOmrHVjVewErG5kHD;0vSv5t32LuXq1Fj25srtpH
2kTXvMOmrHVjVewErG5kHD;1bcztlEOrJIIfLbUIKQY6O
2kTXvMOmrHVjVewErG5kHD;2dPIBvg7mU59dCTGjhPylV
2kTXvMOmrHVjVewErG5kHD;7oJ1EabmX7ejrie3NBzn0p
2kTXvMOmrHVjVewErG5kHD;6XtG9W2KkPiQ6n1rlIvTJE
2kTXvMOmrHVjVewErG5kHD;7kWwQAe9JnYNMk4kuEe73S
2kTXvMOmrHVjVewErG5kHD;3x0LgZSPgNh91O6NBMtqTs
2kTXvMOmrHVjVewErG5kHD;2AHGXy73E91elgCPcDlboC
2kTXvMOmrHVjVewErG5kHD;4PztbfCny3X9gBjlpgvjYo
2kTXvMOmrHVjVewErG5kHD;6ahZTaoJs2D0gcscsEx64r
2kTXvMOmrHVjVewErG5kHD;40iG1d2wC4KdBLb8wXNq33
2kTXvMOmrHVjVewErG5kHD;1TlScGwN8MmIZ7kIYGjSZA
2kTXvMOmrHVjVewErG5kHD;6kWzLAW2ZUuy22mLrdwZSY
2kTXvMOmrHVjVewErG5kHD;4ug92W02N1YsgX0t5wuXSl
2kTXvMOmrHVjVewErG5kHD;4LhV33vJvXmFGSM3m5RzUR
2kTXvMOmrHVjVewErG5kHD;5nlQijI9hZ50keRqmLVov1
0ZIwOAzDuGPspzK7yiTc4S;1LtESXjUStRZLNHKASmIv3
0ZIwOAzDuGPspzK7yiTc4S;6r1Xmz7YUD4z0VRUoGm8XN
0ZIwOAzDuGPspzK7yiTc4S;6YB0tbDGk01Q0P6wcHPjpC
0ZIwOAzDuGPspzK7yiTc4S;0yDmbRjVTQsQd3OnMs5s3I
0ZIwOAzDuGPspzK7yiTc4S;5tOrTQaBRD5yPHqbEwsRn7
0ZIwOAzDuGPspzK7yiTc4S;4WlSvDKaq1PA2Nr7cCIPxX
0ZIwOAzDuGPspzK7yiTc4S;3QDaXfnxfQqqJQK5lSdjLN
0ZIwOAzDuGPspzK7yiTc4S;1YwfENKEZrowcmtR1nALZn
0ZIwOAzDuGPspzK7yiTc4S;2D3v3HJ9k3UzehaewnT3QA
0ZIwOAzDuGPspzK7yiTc4S;4wQ3PyMz3WwJGI5uEqHUVR
0ZIwOAzDuGPspzK7yiTc4S;1PWHsS9haruM3AEebZuGs9
0ZIwOAzDuGPspzK7yiTc4S;59QxeZBL6k9L4oJBGSyukd
0ZIwOAzDuGPspzK7yiTc4S;2DWQX92uew7DlsgN0yD775
0ZIwOAzDuGPspzK7yiTc4S;1CPwHx5lgVxv0rfcp7UXLx
0ZIwOAzDuGPspzK7yiTc4S;2rc78XDH9zuJP6bm78lU8Z
0ZIwOAzDuGPspzK7yiTc4S;54SHZF2YS3W87xuJKSvOVf
0ZIwOAzDuGPspzK7yiTc4S;1CD77o9fbdyQFrHnUPUEsF
0ZIwOAzDuGPspzK7yiTc4S;0mOvsKSG9z0W7C5InpxjMw
0ZIwOAzDuGPspzK7yiTc4S;4vpDg7Y7fU982Ds30zawDA
0ZIwOAzDuGPspzK7yiTc4S;73iWh9WUMf0xK6cRkNJK4h
23rleGXVOVVgTk3xgtmfE4;1R6Hx1tJ2VOUyodEpC12xM
23rleGXVOVVgTk3xgtmfE4;42q4Ivs7tAiCZ5C7eG5q4c
23rleGXVOVVgTk3xgtmfE4;0cA5Tg15TwARIRZeiNT1RO
23rleGXVOVVgTk3xgtmfE4;7emRV8AluG3d4e5T0DZiK9
23rleGXVOVVgTk3xgtmfE4;6yrBBtqX2gKCHCrZOYBDrB
23rleGXVOVVgTk3xgtmfE4;2pdvghEHZJtgSXZ7cvNLou
23rleGXVOVVgTk3xgtmfE4;5yzE49FicYiSxN61oaxkNn
23rleGXVOVVgTk3xgtmfE4;6jdObwsrIjSRnBbMw6lPBj
23rleGXVOVVgTk3xgtmfE4;0vn7UBvSQECKJm2817Yf1P
23rleGXVOVVgTk3xgtmfE4;1gRNBaI4yn6wCCTvRhGWh8
23rleGXVOVVgTk3xgtmfE4;35U9lQaRWSQISxQAB94Meo
23rleGXVOVVgTk3xgtmfE4;5lkiCO9UQ8B23dZ1o0UV4m
23rleGXVOVVgTk3xgtmfE4;4FtSnMlCVxCswABUmdhwpm
23rleGXVOVVgTk3xgtmfE4;4FAEZeJcsYYBkNq2D3KGTV
23rleGXVOVVgTk3xgtmfE4;6kEsKkXuE4olX7m3mNLZkS
23rleGXVOVVgTk3xgtmfE4;1MXwwmS2JpmsHZhdMeOL2s
23rleGXVOVVgTk3xgtmfE4;1tfXh4XxILEuMU2qZupFn8
23rleGXVOVVgTk3xgtmfE4;0DW7boyjvbaSP3OJ72sXgC
23rleGXVOVVgTk3xgtmfE4;6clbbhnIqpHnqxwtOWcilg
23rleGXVOVVgTk3xgtmfE4;7EK1bQADBoqbYXnT4Cqv9w
0fyqyjD7pbaVzbu94ylWQR;1MXwwmS2JpmsHZhdMeOL2s
0fyqyjD7pbaVzbu94ylWQR;0I7UnRLIdCD310ZBgeuqh5
0fyqyjD7pbaVzbu94ylWQR;7emRV8AluG3d4e5T0DZiK9
0fyqyjD7pbaVzbu94ylWQR;1tfXh4XxILEuMU2qZupFn8
0fyqyjD7pbaVzbu94ylWQR;2DWQX92uew7DlsgN0yD775
0fyqyjD7pbaVzbu94ylWQR;7jM2XoJBKhdL8oNnDr4re9
0fyqyjD7pbaVzbu94ylWQR;2pJn4djuWrNQbNfrxHB13M
0fyqyjD7pbaVzbu94ylWQR;4WlSvDKaq1PA2Nr7cCIPxX
0fyqyjD7pbaVzbu94ylWQR;0WgyCbru4tXnMsbTmX4mFw
0fyqyjD7pbaVzbu94ylWQR;2D3v3HJ9k3UzehaewnT3QA
0fyqyjD7pbaVzbu94ylWQR;70FybmH2MMz9fHewhnLvjs
0fyqyjD7pbaVzbu94ylWQR;0cA5Tg15TwARIRZeiNT1RO
0fyqyjD7pbaVzbu94ylWQR;3HC7NcxQx2Yk0fWoRKJ0xF
0fyqyjD7pbaVzbu94ylWQR;2pdvghEHZJtgSXZ7cvNLou
0fyqyjD7pbaVzbu94ylWQR;2E6Roj0oQnJIm2BeXwDica
0fyqyjD7pbaVzbu94ylWQR;3Y5abCLsMxsOLaZ8rYusSR
0fyqyjD7pbaVzbu94ylWQR;1667U2YoucgG5Pdvm2M59c
0fyqyjD7pbaVzbu94ylWQR;6clbbhnIqpHnqxwtOWcilg
0fyqyjD7pbaVzbu94ylWQR;6jdObwsrIjSRnBbMw6lPBj
0fyqyjD7pbaVzbu94ylWQR;3ExrAwcOqgGjt9kFRwdM76
23rleGXVOVVgTk3xgtmfE4;1R6Hx1tJ2VOUyodEpC12xM
23rleGXVOVVgTk3xgtmfE4;42q4Ivs7tAiCZ5C7eG5q4c
23rleGXVOVVgTk3xgtmfE4;0cA5Tg15TwARIRZeiNT1RO
23rleGXVOVVgTk3xgtmfE4;7emRV8AluG3d4e5T0DZiK9
23rleGXVOVVgTk3xgtmfE4;6yrBBtqX2gKCHCrZOYBDrB
23rleGXVOVVgTk3xgtmfE4;2pdvghEHZJtgSXZ7cvNLou
23rleGXVOVVgTk3xgtmfE4;5yzE49FicYiSxN61oaxkNn
23rleGXVOVVgTk3xgtmfE4;6jdObwsrIjSRnBbMw6lPBj
23rleGXVOVVgTk3xgtmfE4;0vn7UBvSQECKJm2817Yf1P
23rleGXVOVVgTk3xgtmfE4;1gRNBaI4yn6wCCTvRhGWh8
23rleGXVOVVgTk3xgtmfE4;35U9lQaRWSQISxQAB94Meo
23rleGXVOVVgTk3xgtmfE4;5lkiCO9UQ8B23dZ1o0UV4m
23rleGXVOVVgTk3xgtmfE4;4FtSnMlCVxCswABUmdhwpm
23rleGXVOVVgTk3xgtmfE4;4FAEZeJcsYYBkNq2D3KGTV
23rleGXVOVVgTk3xgtmfE4;6kEsKkXuE4olX7m3mNLZkS
23rleGXVOVVgTk3xgtmfE4;1MXwwmS2JpmsHZhdMeOL2s
23rleGXVOVVgTk3xgtmfE4;1tfXh4XxILEuMU2qZupFn8
23rleGXVOVVgTk3xgtmfE4;0DW7boyjvbaSP3OJ72sXgC
23rleGXVOVVgTk3xgtmfE4;6clbbhnIqpHnqxwtOWcilg
23rleGXVOVVgTk3xgtmfE4;7EK1bQADBoqbYXnT4Cqv9w
35U9lQaRWSQISxQAB94Meo;6jdObwsrIjSRnBbMw6lPBj
35U9lQaRWSQISxQAB94Meo;0cA5Tg15TwARIRZeiNT1RO
35U9lQaRWSQISxQAB94Meo;7emRV8AluG3d4e5T0DZiK9
35U9lQaRWSQISxQAB94Meo;70ZTdbPEcEugBNay4MvxfL
35U9lQaRWSQISxQAB94Meo;6clbbhnIqpHnqxwtOWcilg
35U9lQaRWSQISxQAB94Meo;2pdvghEHZJtgSXZ7cvNLou
35U9lQaRWSQISxQAB94Meo;1tfXh4XxILEuMU2qZupFn8
35U9lQaRWSQISxQAB94Meo;1R6Hx1tJ2VOUyodEpC12xM
35U9lQaRWSQISxQAB94Meo;0J2Ej2rMQyqaUX3G6MUISw
35U9lQaRWSQISxQAB94Meo;0vn7UBvSQECKJm2817Yf1P
35U9lQaRWSQISxQAB94Meo;39T6qqI0jDtSWWioX8eGJz
35U9lQaRWSQISxQAB94Meo;46njgd2Rq9tZc4ZjeQMgbh
35U9lQaRWSQISxQAB94Meo;0DW7boyjvbaSP3OJ72sXgC
35U9lQaRWSQISxQAB94Meo;23rleGXVOVVgTk3xgtmfE4
35U9lQaRWSQISxQAB94Meo;0fyqyjD7pbaVzbu94ylWQR
35U9lQaRWSQISxQAB94Meo;3iDD7bnsjL9J4fO298r0L0
35U9lQaRWSQISxQAB94Meo;3HC7NcxQx2Yk0fWoRKJ0xF
35U9lQaRWSQISxQAB94Meo;7tjbDPvrdvDshcpEMXKRVb
35U9lQaRWSQISxQAB94Meo;5lkiCO9UQ8B23dZ1o0UV4m
35U9lQaRWSQISxQAB94Meo;1gRNBaI4yn6wCCTvRhGWh8
7emRV8AluG3d4e5T0DZiK9;1MXwwmS2JpmsHZhdMeOL2s
7emRV8AluG3d4e5T0DZiK9;0cA5Tg15TwARIRZeiNT1RO
7emRV8AluG3d4e5T0DZiK9;6jdObwsrIjSRnBbMw6lPBj
7emRV8AluG3d4e5T0DZiK9;1tfXh4XxILEuMU2qZupFn8
7emRV8AluG3d4e5T0DZiK9;0fyqyjD7pbaVzbu94ylWQR
7emRV8AluG3d4e5T0DZiK9;2DWQX92uew7DlsgN0yD775
7emRV8AluG3d4e5T0DZiK9;7gyVuJLsatWofXCAw1SGxM
7emRV8AluG3d4e5T0DZiK9;0I7UnRLIdCD310ZBgeuqh5
7emRV8AluG3d4e5T0DZiK9;2pJn4djuWrNQbNfrxHB13M
7emRV8AluG3d4e5T0DZiK9;3Y5abCLsMxsOLaZ8rYusSR
7emRV8AluG3d4e5T0DZiK9;6clbbhnIqpHnqxwtOWcilg
7emRV8AluG3d4e5T0DZiK9;1667U2YoucgG5Pdvm2M59c
7emRV8AluG3d4e5T0DZiK9;7jM2XoJBKhdL8oNnDr4re9
7emRV8AluG3d4e5T0DZiK9;0WgyCbru4tXnMsbTmX4mFw
7emRV8AluG3d4e5T0DZiK9;2pdvghEHZJtgSXZ7cvNLou
7emRV8AluG3d4e5T0DZiK9;42q4Ivs7tAiCZ5C7eG5q4c
7emRV8AluG3d4e5T0DZiK9;3HC7NcxQx2Yk0fWoRKJ0xF
7emRV8AluG3d4e5T0DZiK9;46njgd2Rq9tZc4ZjeQMgbh
7emRV8AluG3d4e5T0DZiK9;0J2Ej2rMQyqaUX3G6MUISw
7emRV8AluG3d4e5T0DZiK9;23rleGXVOVVgTk3xgtmfE4
