7t20AEMjEBgO2V4VCt2VRQ;64dHj8ZxaI2Wj0brEehVMN
7t20AEMjEBgO2V4VCt2VRQ;7Elpy1j2VMqspByPOATCMp
7t20AEMjEBgO2V4VCt2VRQ;4Mqs0h95KAeNiGp7u4udlt
7t20AEMjEBgO2V4VCt2VRQ;2aoo2jlRnM3A0NyLQqMN2f
7t20AEMjEBgO2V4VCt2VRQ;0GuID7WlXesl3ITZwJZbLE
7t20AEMjEBgO2V4VCt2VRQ;7DiaNCPgH5dJ1cJ925jTAA
7t20AEMjEBgO2V4VCt2VRQ;2x0supcZhd6NEH1nem9DnR
7t20AEMjEBgO2V4VCt2VRQ;4ls9aNVGSLhaIzfiVTqTyj
7t20AEMjEBgO2V4VCt2VRQ;2TJqhMuTx2eMun7MMQVIFy
7t20AEMjEBgO2V4VCt2VRQ;2zbGXr2XCcRR40R7ymEENc
7t20AEMjEBgO2V4VCt2VRQ;2YJgM8lj4u5YEZRSHSfL60
7t20AEMjEBgO2V4VCt2VRQ;6aXKbU2QGsOms8UT3eUOg1
7t20AEMjEBgO2V4VCt2VRQ;5C8LSzZ9u0y33DuYDTZ7c1
7t20AEMjEBgO2V4VCt2VRQ;4NSZz3qzNESLWfCqglnylo
7t20AEMjEBgO2V4VCt2VRQ;4lJ6YVXQ0jUk5ILu0PSrA4
7t20AEMjEBgO2V4VCt2VRQ;7vCAPGfk46iIyikreugUay
7t20AEMjEBgO2V4VCt2VRQ;05f8Hg3RSfiPSCBQOtxl3i
7t20AEMjEBgO2V4VCt2VRQ;1Bj6YgjjPbEb4jhQ50T8tJ
7t20AEMjEBgO2V4VCt2VRQ;6l8oNVFkqdG5kDBv0DalCU
7t20AEMjEBgO2V4VCt2VRQ;0P7DoyGrr4Wp9w5TotEtUC
7t20AEMjEBgO2V4VCt2VRQ;3Xls4cNOwy01dtrNXb1inG
7t20AEMjEBgO2V4VCt2VRQ;2BGNomqCxEDcXyxf8bg27k
7t20AEMjEBgO2V4VCt2VRQ;6L5BZEcZmD6RBJnimzlyKr
7t20AEMjEBgO2V4VCt2VRQ;7BVIm4yj3PQ6MwTPwcjka6
7t20AEMjEBgO2V4VCt2VRQ;6eYqvu9hPLkKQL0YgHXKFV
7t20AEMjEBgO2V4VCt2VRQ;6kotXaSQaGYxE62hVpdHWu
7t20AEMjEBgO2V4VCt2VRQ;3MT4gmgqhOxg6gyqnRQBzB
7t20AEMjEBgO2V4VCt2VRQ;0xTY7Tld4DRxqUhxdw7bZW
7t20AEMjEBgO2V4VCt2VRQ;0P6fEgTn3cxLLyYTJYoYGj
7t20AEMjEBgO2V4VCt2VRQ;6Wi0DHWomfgBLoBo14yyDp
7t20AEMjEBgO2V4VCt2VRQ;0ju1jP0cSPJ8tmojYBEI89
7t20AEMjEBgO2V4VCt2VRQ;252pAlbltOjOcUux4dRtjp
7t20AEMjEBgO2V4VCt2VRQ;3XcjIvaZVUFAIdIYZqY9bd
7t20AEMjEBgO2V4VCt2VRQ;3iZ5twPwvFeOUQA4Deu8tP
7t20AEMjEBgO2V4VCt2VRQ;0P6TTXbSLGrSoTNMz5kvB7
7t20AEMjEBgO2V4VCt2VRQ;43sdRsmJFcSnlTWTVRhYtz
7t20AEMjEBgO2V4VCt2VRQ;7ykaUgkdQWJLsMuOymTV2A
7t20AEMjEBgO2V4VCt2VRQ;4RFqi5JQduiSlRZCVlUDGH
7t20AEMjEBgO2V4VCt2VRQ;2kkvB3RNRzwjFdGhaUA0tz
7t20AEMjEBgO2V4VCt2VRQ;2tVQhBSJ1SQtb4gX0taaiR
7t20AEMjEBgO2V4VCt2VRQ;31pi9vJJWHZxygk8AoGd0d
7t20AEMjEBgO2V4VCt2VRQ;0gCJkpD0RhF2rjiALLHBQL
7t20AEMjEBgO2V4VCt2VRQ;5DfEk8Zn8JkTdYmirq1Blh
7t20AEMjEBgO2V4VCt2VRQ;1cVRHEOgwJi2KySpiQRx4U
7t20AEMjEBgO2V4VCt2VRQ;2udGjDmpK1dH9VGyw7nrei
7t20AEMjEBgO2V4VCt2VRQ;29HbMTL672MugzhklYvStz
7t20AEMjEBgO2V4VCt2VRQ;5qZKuuKGngifO5psg19XdO
7t20AEMjEBgO2V4VCt2VRQ;49rjnhdgM5lKVRdhnHtOJA
7t20AEMjEBgO2V4VCt2VRQ;6eceqMrRFKCnq7ksH2L7Wp
7t20AEMjEBgO2V4VCt2VRQ;4MiX7j4kYbWZlGOimqFvtE
0rdkQgKx8gNyOeZogIhGec;2cP37n7TZEe0oBxCbZu0KA
0rdkQgKx8gNyOeZogIhGec;03czT1nVZDRv2JlpY2GxON
0rdkQgKx8gNyOeZogIhGec;6VrjF67WFChXh8uYYBfeRr
0rdkQgKx8gNyOeZogIhGec;2bGaOCU8xlPheHt1tR7xch
0rdkQgKx8gNyOeZogIhGec;7glV2fqyoEBB80RBZ8XLQT
0rdkQgKx8gNyOeZogIhGec;0CuXzMEgFzuQhLEYQHYas4
0rdkQgKx8gNyOeZogIhGec;3CAX47TnPqTujLIQTw8nwI
0rdkQgKx8gNyOeZogIhGec;24xqELXbmKDFLKkR3271jb
0rdkQgKx8gNyOeZogIhGec;5lX6ldSrhFuKyZUDt12bpE
0rdkQgKx8gNyOeZogIhGec;7M5muIJFufE3FaF1b6F8ho
0rdkQgKx8gNyOeZogIhGec;31SBMFpLi1x0KNlGenfnQ1
0rdkQgKx8gNyOeZogIhGec;4NTNCUQRhHsKIJ8Bbf1kHh
0rdkQgKx8gNyOeZogIhGec;3RPerpXuNznZbCuWYEBz5i
0rdkQgKx8gNyOeZogIhGec;5CalS8Gn69OOrR9aiw0ZO9
0rdkQgKx8gNyOeZogIhGec;2H0oiflYrs8PPjOxZ5TdIu
0rdkQgKx8gNyOeZogIhGec;0MH2fBfdoOl17OSbmrwClC
0rdkQgKx8gNyOeZogIhGec;6v4iCtIgcVnSzPaADt7dxP
0rdkQgKx8gNyOeZogIhGec;1VsGYaCBFjCVudtX9IGqDg
0rdkQgKx8gNyOeZogIhGec;7oRNU7Tmek0nm2lqyDojoG
0rdkQgKx8gNyOeZogIhGec;3dlHGh0R9gm8sfeW368K1S
0rdkQgKx8gNyOeZogIhGec;2uhEKg8kIzpdvz4gyy6x8W
0rdkQgKx8gNyOeZogIhGec;6iqAJh3X8bf94eo4reme5L
0rdkQgKx8gNyOeZogIhGec;6YfXyionSGaFOGsSBEijhO
0rdkQgKx8gNyOeZogIhGec;7qUoDTmVj07qUf6ZBDhWKl
0rdkQgKx8gNyOeZogIhGec;17b1GpKUrevAQuhmS9koTh
0rdkQgKx8gNyOeZogIhGec;3M4F6LGxd282iepvhabtc2
0rdkQgKx8gNyOeZogIhGec;1nMlHxWuPc5P9Y5nGvenlj
0rdkQgKx8gNyOeZogIhGec;7xhhhqWgqM0tf5IaEc9Bwt
0rdkQgKx8gNyOeZogIhGec;5uFnBjrDzvYz48xvUwBRBd
0rdkQgKx8gNyOeZogIhGec;4E6cwWJWZw2zWf7VFbH7wf
0rdkQgKx8gNyOeZogIhGec;0NeJjNlprGfZpeX2LQuN6c
0rdkQgKx8gNyOeZogIhGec;6JssQFiBCi6ZcE6060S9A7
0rdkQgKx8gNyOeZogIhGec;6QTPacyXkZWG9FMwq6L1hJ
0rdkQgKx8gNyOeZogIhGec;1ILohAFQXEIWBqOg9ibCDI
0rdkQgKx8gNyOeZogIhGec;2zYFfLULhSgZWCCRVZ5csm
0rdkQgKx8gNyOeZogIhGec;6ZixnWzzH1YxqBg9kLOPDy
0rdkQgKx8gNyOeZogIhGec;3piY5aMfwEEmXMV6I9kpoi
0rdkQgKx8gNyOeZogIhGec;0J9e43QjshiuFc6whszKZS
0rdkQgKx8gNyOeZogIhGec;2nGFzvICaeEWjIrBrL2RAx
0rdkQgKx8gNyOeZogIhGec;0aSgzAUObtmSSwh1yO6shv
0rdkQgKx8gNyOeZogIhGec;0YNNfiKJb4yqUDtCcX1cHK
0rdkQgKx8gNyOeZogIhGec;3Neq64Rd5NIYZHmdSIUcli
0rdkQgKx8gNyOeZogIhGec;0ksC7In0ixceusxlDtQHLO
0rdkQgKx8gNyOeZogIhGec;2LthqyP0MLhGUBICwR1535
0rdkQgKx8gNyOeZogIhGec;6vlYWXOfSSUGnO6N2ldLcu
0rdkQgKx8gNyOeZogIhGec;4KqBoq7MoDJeVsvUHTjXCM
0rdkQgKx8gNyOeZogIhGec;4b8W8c0fkoOtJIWXXVnFr1
0rdkQgKx8gNyOeZogIhGec;3sOEdZiqjCYlEz84eRJXf7
0rdkQgKx8gNyOeZogIhGec;7qlfcOvjn5jjFw35y2lEWv
0rdkQgKx8gNyOeZogIhGec;5rloZD2rPLTItIKrOJmeYs
4H5hI3u6LmIRlXnWR89opX;4SDywo3ykB2PEthjXvo1UP
4H5hI3u6LmIRlXnWR89opX;65E62rOSbm7SZbAMYjNTJq
4H5hI3u6LmIRlXnWR89opX;1LjPCQHkAYnJbQUgSoHaye
4H5hI3u6LmIRlXnWR89opX;55LRDFmsuazr533WrtHHW9
4H5hI3u6LmIRlXnWR89opX;0WQiDwKJclirSYG9v5tayI
4H5hI3u6LmIRlXnWR89opX;0a4agFmqHXxcZl1nho1BxM
4H5hI3u6LmIRlXnWR89opX;4YMQXzscifAREG0a7KNGhB
4H5hI3u6LmIRlXnWR89opX;6G3NoUqDpqD3Rgfel2pD6s
4H5hI3u6LmIRlXnWR89opX;2BGNomqCxEDcXyxf8bg27k
4H5hI3u6LmIRlXnWR89opX;6ToM0uwxtPKo9CMpbPGYvM
4H5hI3u6LmIRlXnWR89opX;6VltRkmJbCTqgKrTHk4Ulw
4H5hI3u6LmIRlXnWR89opX;4BP3uh0hFLFRb5cjsgLqDh
4H5hI3u6LmIRlXnWR89opX;4PRGxHpCpF2yoOHYKQIEwD
4H5hI3u6LmIRlXnWR89opX;3ET8TZWF5sP4SPfJK1lKun
4H5hI3u6LmIRlXnWR89opX;0cs671lxX2eoDzr2KMuo3N
4H5hI3u6LmIRlXnWR89opX;1Q5kgpp4pmyGqPwNBzkSrw
4H5hI3u6LmIRlXnWR89opX;7BY005dacJkbO6EPiOh2wb
4H5hI3u6LmIRlXnWR89opX;2pcwmk8c1pTYwX0COSVX52
4H5hI3u6LmIRlXnWR89opX;1FTSo4v6BOZH9QxKc3MbVM
4H5hI3u6LmIRlXnWR89opX;3L60Vu9qmY6fg2QroRIxgi
4H5hI3u6LmIRlXnWR89opX;6mib3N4E8PZHAGQ3xy7bho
4H5hI3u6LmIRlXnWR89opX;4A48NL57P16zSRaq3yoYry
4H5hI3u6LmIRlXnWR89opX;2BstRQGodshjGpeDGQiNgo
4H5hI3u6LmIRlXnWR89opX;6pxWv6GV35VGmcPf5dh6CH
4H5hI3u6LmIRlXnWR89opX;0Z3xhSOhrawLV81YdiDiiJ
4H5hI3u6LmIRlXnWR89opX;5QIbR39hAEDIOkr4ggh4xc
4H5hI3u6LmIRlXnWR89opX;6Ht0wBgRgLQPjIQKks766b
4H5hI3u6LmIRlXnWR89opX;7AzFID6u1b3zIWbd9pb8Dk
4H5hI3u6LmIRlXnWR89opX;6L5BZEcZmD6RBJnimzlyKr
4H5hI3u6LmIRlXnWR89opX;3EAFamlgsYPA3HijLUPszI
4H5hI3u6LmIRlXnWR89opX;5t9KYe0Fhd5cW6UYT4qP8f
4H5hI3u6LmIRlXnWR89opX;4a5pNRjwmzYQuEY1E7O6pj
4H5hI3u6LmIRlXnWR89opX;6FT83pFXKhDlXDsNJFAHWz
4H5hI3u6LmIRlXnWR89opX;4hq0S6wznq7SHDyMOFXL9i
4H5hI3u6LmIRlXnWR89opX;5u6y4u5EgDv0peILf60H5t
4H5hI3u6LmIRlXnWR89opX;5eSllZgRWCIJsDTAqFRwQw
4H5hI3u6LmIRlXnWR89opX;5qhbJhRw3Q5s41Jt6JmFw0
4H5hI3u6LmIRlXnWR89opX;4D3Twi99sdqxesC68XAPf5
4H5hI3u6LmIRlXnWR89opX;3ix6K4wZY29bCujrSznwFZ
4H5hI3u6LmIRlXnWR89opX;6ek9SiEj5a65WIs2EV7qiM
4H5hI3u6LmIRlXnWR89opX;0AiuEo7FCxP2y2WTOpLPe5
4H5hI3u6LmIRlXnWR89opX;70gbuMqwNBE2Y5rkQJE9By
4H5hI3u6LmIRlXnWR89opX;3fbnbn6A5O5RNb08tlUEgd
4H5hI3u6LmIRlXnWR89opX;3G69vJMWsX6ZohTykad2AU
4H5hI3u6LmIRlXnWR89opX;6XUHsYE38CEbYunT983O9G
4H5hI3u6LmIRlXnWR89opX;4jLv3tDBu8ww2R07DvL12s
4H5hI3u6LmIRlXnWR89opX;0vcxj1GSw3uV931zdI3ZDj
4H5hI3u6LmIRlXnWR89opX;6H3kDe7CGoWYBabAeVWGiD
4H5hI3u6LmIRlXnWR89opX;1oYYd2gnWZYrt89EBXdFiO
4H5hI3u6LmIRlXnWR89opX;45Ia1U4KtIjAPPU7Wv1Sea
67J8yUyGgdq6tqethoVz7O;4vpeKl0vMGdAXpZiQB2Dtd
67J8yUyGgdq6tqethoVz7O;6hu1f1cXSw7OAqhpSQ2zDy
67J8yUyGgdq6tqethoVz7O;4euYSSvpQZSAQ4gThyL2QD
67J8yUyGgdq6tqethoVz7O;6lFZbCc7pn6Lme1NP7qQqQ
67J8yUyGgdq6tqethoVz7O;3e0FzZjTXOUtiJGSClOBrI
67J8yUyGgdq6tqethoVz7O;2MVwrvjmcdt4MsYYLCYMt8
67J8yUyGgdq6tqethoVz7O;0BBcbPbTWW8MaLKIDHtsAi
67J8yUyGgdq6tqethoVz7O;2KSSbWLAWSzaso01DEP32W
67J8yUyGgdq6tqethoVz7O;3TO7bbrUKrOSPGRTB5MeCz
67J8yUyGgdq6tqethoVz7O;60VcYHxoyOdZyFb1EaKJdN
67J8yUyGgdq6tqethoVz7O;4OMu5a8sFpcRCPCcsoEaov
67J8yUyGgdq6tqethoVz7O;1Eolhana7nKHYpcYpdVcT5
67J8yUyGgdq6tqethoVz7O;78JmElAFmrPNhLjovDR9Jm
67J8yUyGgdq6tqethoVz7O;7BaDRi8gmRnOducT6KaOfc
67J8yUyGgdq6tqethoVz7O;0mJQlCl9YgxW7kyeltNiVk
67J8yUyGgdq6tqethoVz7O;0K6yUnIKNsFtfIpTgGtcHm
67J8yUyGgdq6tqethoVz7O;2KFE98Iw0X23sf4vJYcbLH
67J8yUyGgdq6tqethoVz7O;3utrFnKNa1QSmUIm8QxHEC
67J8yUyGgdq6tqethoVz7O;1eLlVfMDZF6AIKk4p8sjZ2
67J8yUyGgdq6tqethoVz7O;2NVmpcUm2FUUQ04FlWIj2q
67J8yUyGgdq6tqethoVz7O;7j02rdE5RVtNcNMuLGY5SS
67J8yUyGgdq6tqethoVz7O;5Zyv0v4rPcrXjkaeImuodv
67J8yUyGgdq6tqethoVz7O;5QLHGv0DfpeXLNFo7SFEy1
67J8yUyGgdq6tqethoVz7O;19P4fwkPhE6yVAXApFWDoF
67J8yUyGgdq6tqethoVz7O;0Q2dRzhPWFOex89dOjbq5Y
67J8yUyGgdq6tqethoVz7O;1qRA5BS78u3gME0loMl9AA
67J8yUyGgdq6tqethoVz7O;62nYkaIBesfvQSSwTjPnYS
67J8yUyGgdq6tqethoVz7O;3lnavfgHUTrxdRqcPmhqUA
67J8yUyGgdq6tqethoVz7O;64sn7wgJfeQKY3Jisnl59w
67J8yUyGgdq6tqethoVz7O;2JuasWPUodaUxf5nwNpciQ
67J8yUyGgdq6tqethoVz7O;0QXxJofIuWHLQafnTzFAwV
67J8yUyGgdq6tqethoVz7O;6k9DUKMJpWvu6eFG3O64Lg
67J8yUyGgdq6tqethoVz7O;4D3Twi99sdqxesC68XAPf5
67J8yUyGgdq6tqethoVz7O;1Jmqubf9kGkWeYQXQKImL5
67J8yUyGgdq6tqethoVz7O;3lpDrxUkr0tIe1kmJvdK7d
67J8yUyGgdq6tqethoVz7O;3euDGpS2R0NC2Xssqxohva
67J8yUyGgdq6tqethoVz7O;05oETzWbd4SI33qK2gbJfR
67J8yUyGgdq6tqethoVz7O;1vVsBCkVMYdLhgiC4F54G4
67J8yUyGgdq6tqethoVz7O;0tZ3mElWcr74OOhKEiNz1x
67J8yUyGgdq6tqethoVz7O;5KXdflxoxCcE9m5F2QoAUY
67J8yUyGgdq6tqethoVz7O;0LN5gIsS5tQSmRzQrHSaTR
67J8yUyGgdq6tqethoVz7O;3QZ7uX97s82HFYSmQUAN1D
67J8yUyGgdq6tqethoVz7O;1HbOlAS9kF9d5j7WNQbin9
67J8yUyGgdq6tqethoVz7O;5lmGgOaixbwKHtpTzjJoqx
67J8yUyGgdq6tqethoVz7O;6Jv7kjGkhY2fT4yuBF3aTz
67J8yUyGgdq6tqethoVz7O;2FZ0yrA5aPClG5ZPBlV7n4
67J8yUyGgdq6tqethoVz7O;5orygsZ5Ga0jEOvftsXqw2
67J8yUyGgdq6tqethoVz7O;63wsuMhok6GgcBRd2strGk
67J8yUyGgdq6tqethoVz7O;77oU2rjC5XbjQfNe3bD6so
67J8yUyGgdq6tqethoVz7O;4vO9dmzNRqDhFY3jD1a3P7
1ibNA1iJcR2HN4L0fe0QlY;0J8A1ZVyJcRZxFNvtp6jRh
1ibNA1iJcR2HN4L0fe0QlY;5Anh8jULgeUgciLHCR25Mk
1ibNA1iJcR2HN4L0fe0QlY;56AecW9Anb0CY6HpgWvcg9
1ibNA1iJcR2HN4L0fe0QlY;2CA4geWmbThuxj1BDaeBfy
1ibNA1iJcR2HN4L0fe0QlY;0ctZnupuo8R4dLkRxVGuTt
1ibNA1iJcR2HN4L0fe0QlY;1QQUZeG6qa90sPHIAuHbgj
1ibNA1iJcR2HN4L0fe0QlY;1KbifDL9dtvCLNLQyB4LLY
1ibNA1iJcR2HN4L0fe0QlY;37AmtN5YAoCJT8CBRJmW6i
1ibNA1iJcR2HN4L0fe0QlY;73ht25IltXghHdL0H944Na
1ibNA1iJcR2HN4L0fe0QlY;2MKLbFPQ3QDXpQ0KnS06Kl
1ibNA1iJcR2HN4L0fe0QlY;2HO2bnoMrpnZUbUqiilLHi
1ibNA1iJcR2HN4L0fe0QlY;7aoJg1wQEqMx1t875H5fww
1ibNA1iJcR2HN4L0fe0QlY;7uJna1SjoauB24mCejlP0K
1ibNA1iJcR2HN4L0fe0QlY;4WWggdRyzECQcjeyGNSTIj
1ibNA1iJcR2HN4L0fe0QlY;23Uv9xqLumDqEBNIdHhCcO
1ibNA1iJcR2HN4L0fe0QlY;21nHVGfxQJQMTOi6Rg35dd
1ibNA1iJcR2HN4L0fe0QlY;2UXO3rKTfsfPieGDQHgG6q
1ibNA1iJcR2HN4L0fe0QlY;7Joyne3CVPOx7OusuDvnqy
1ibNA1iJcR2HN4L0fe0QlY;3898C4AbdbptwYet6547e5
1ibNA1iJcR2HN4L0fe0QlY;1nljoM9tvlik9heVXnpGjT
1ibNA1iJcR2HN4L0fe0QlY;7yO3mhpAt99n60tK9VkXLf
1ibNA1iJcR2HN4L0fe0QlY;1HiTKXJKNyMib5bwRT9RMv
1ibNA1iJcR2HN4L0fe0QlY;68FhagAoZr9Ld8oCp9JoYP
1ibNA1iJcR2HN4L0fe0QlY;6lsumzVFKP9SnfKcuGwqVp
1ibNA1iJcR2HN4L0fe0QlY;6Qb7gtV6Q4MnUjSbkFcopl
1ibNA1iJcR2HN4L0fe0QlY;0NAbLWvzelXGo3QYN7P9qs
1ibNA1iJcR2HN4L0fe0QlY;52FKX00U3PnzrBQmbMTB8b
1ibNA1iJcR2HN4L0fe0QlY;08bNoJs6rl88242a8yVQmg
1ibNA1iJcR2HN4L0fe0QlY;0f19yeMTQ5ygqwUhv46tdN
1ibNA1iJcR2HN4L0fe0QlY;3Be7vJDOFNOVv3iYQgIQpu
1ibNA1iJcR2HN4L0fe0QlY;3VcmjpCGGY4ReELVr4R7aa
1ibNA1iJcR2HN4L0fe0QlY;3ePsmfhb7hduvnDadoNNyi
1ibNA1iJcR2HN4L0fe0QlY;30yn7KuCLbXGCXxjsB0C8K
1ibNA1iJcR2HN4L0fe0QlY;0YMFcrMtBowDdD5bPz0cgy
1ibNA1iJcR2HN4L0fe0QlY;5t3ZGxzqyS79oP7rpFfPio
1ibNA1iJcR2HN4L0fe0QlY;4tVl5r635bQrnWhm2Ron54
1ibNA1iJcR2HN4L0fe0QlY;5VgcM58bybW45T2WgTdbeY
1ibNA1iJcR2HN4L0fe0QlY;7dyFc08TnQM450x2C4czZR
1ibNA1iJcR2HN4L0fe0QlY;0VNXoR7rfdDYDv0Huj4xvP
1ibNA1iJcR2HN4L0fe0QlY;0LXljhKMUgoLv8tLwZ1hmf
1ibNA1iJcR2HN4L0fe0QlY;0GGqHfpwtnGCQ6xVhnQBAf
1ibNA1iJcR2HN4L0fe0QlY;7DjrC3oBl57gH13aZ7tCVo
1ibNA1iJcR2HN4L0fe0QlY;08ydcS9NTm1a2csSppGsJT
1ibNA1iJcR2HN4L0fe0QlY;0g7z3mwBdTn60MIL30TxhZ
1ibNA1iJcR2HN4L0fe0QlY;1njxWb5fM5L5eEq9MyWddU
1ibNA1iJcR2HN4L0fe0QlY;5GEs6KYkV9bzN4HZr6rcRQ
1ibNA1iJcR2HN4L0fe0QlY;1VXkQQHaecWioid246sh6n
1ibNA1iJcR2HN4L0fe0QlY;3J1H7ggoHSUOEDXorAtSqg
1ibNA1iJcR2HN4L0fe0QlY;6ZsKRsnPsdZvXfqqE6bTPy
1ibNA1iJcR2HN4L0fe0QlY;3K4r00KlXytLJDfuytngmx
2Ihrrl0Bp6n9yheY1pH5HB;4aV3BVg5XdeYqPNmhJoezk
2Ihrrl0Bp6n9yheY1pH5HB;1vahbgf2hkAjBvYRtIo09F
2Ihrrl0Bp6n9yheY1pH5HB;52QqxUwMHSmeDZlZBABefY
2Ihrrl0Bp6n9yheY1pH5HB;5Bbj2kKDkUaoiyuD3nC0xh
2Ihrrl0Bp6n9yheY1pH5HB;3IxTzXsvEeKmVDewO5Gqp9
2Ihrrl0Bp6n9yheY1pH5HB;7mYUeJq8M8S8kzDZUs6o23
2Ihrrl0Bp6n9yheY1pH5HB;270JFchUdDjezllvJr56Df
2Ihrrl0Bp6n9yheY1pH5HB;5r2PGWAJvLHdMXxjZJ1m1H
2Ihrrl0Bp6n9yheY1pH5HB;3hxoYmSHzIBwSS2bPTOfbg
2Ihrrl0Bp6n9yheY1pH5HB;0xjkgYSzHjBZNvyUaC9cXX
2Ihrrl0Bp6n9yheY1pH5HB;4pKHsfz8ARX5m0yBlbFCYp
2Ihrrl0Bp6n9yheY1pH5HB;3N0F0Q3VNFkSFqTkhQ14kq
2Ihrrl0Bp6n9yheY1pH5HB;47W6YR93MPCGLEUReLMyDm
2Ihrrl0Bp6n9yheY1pH5HB;4eKIHs1qmbmcFLdFYH6pU2
2Ihrrl0Bp6n9yheY1pH5HB;7zxDWJtcsVvXsbMBxxbSba
2Ihrrl0Bp6n9yheY1pH5HB;0qCKVQOQkLL14zmqXOsQ21
2Ihrrl0Bp6n9yheY1pH5HB;4m8ttWM8IKXyhpv89E867J
2Ihrrl0Bp6n9yheY1pH5HB;2ydJMd8R9zyeBpE4wQv6rB
2Ihrrl0Bp6n9yheY1pH5HB;0PKL1m6SEM0OZW214Log6l
2Ihrrl0Bp6n9yheY1pH5HB;118kolZnbJBQvbOl0D4C71
2Ihrrl0Bp6n9yheY1pH5HB;5FqlDVyNf0FuHKAPS8a6K4
2Ihrrl0Bp6n9yheY1pH5HB;5cxRbfQWrT4NZ2msbtSx4H
2Ihrrl0Bp6n9yheY1pH5HB;5zRuPOBoe38AjACFMsxkof
2Ihrrl0Bp6n9yheY1pH5HB;4tc5UgZiIdz8LAISqEk1hP
2Ihrrl0Bp6n9yheY1pH5HB;4xEPVHiIpSVXrQYfMViux3
2Ihrrl0Bp6n9yheY1pH5HB;4nckks2KT9qzC5fWdqOSoS
2Ihrrl0Bp6n9yheY1pH5HB;0j5FJJOmmnXPd0XajFWkMF
2Ihrrl0Bp6n9yheY1pH5HB;24ylIO48nRsdaONlM8l2HF
2Ihrrl0Bp6n9yheY1pH5HB;7kXmJwrZGIhDaLT9sNo3ut
2Ihrrl0Bp6n9yheY1pH5HB;5TlSw8HyxbUeOdQlb8zVbg
2Ihrrl0Bp6n9yheY1pH5HB;0MuXZVMXHl01DBU5DdO3EP
2Ihrrl0Bp6n9yheY1pH5HB;0dw3ZgJ3h4ICWxGsoaz4dm
2Ihrrl0Bp6n9yheY1pH5HB;1yw1rRHBsdJwT3kas9MmHf
2Ihrrl0Bp6n9yheY1pH5HB;785Qya5mtMUwBQtuypVqrx
2Ihrrl0Bp6n9yheY1pH5HB;5Z34NH1AsA3xPL5OsDTfOa
2Ihrrl0Bp6n9yheY1pH5HB;1divptdjcWXvF1aflfTQnw
2Ihrrl0Bp6n9yheY1pH5HB;5VRkJsYcf9z4Wni19FxICi
2Ihrrl0Bp6n9yheY1pH5HB;6Zw0NBdfr1VlVJjDRFwUe1
2Ihrrl0Bp6n9yheY1pH5HB;2cSk6QZIEay3qRSLS2J4Gd
2Ihrrl0Bp6n9yheY1pH5HB;19MMMKq4LzbTvhOMYccIRd
2Ihrrl0Bp6n9yheY1pH5HB;0yEhNqCwEfy8LHUmnZoHpP
2Ihrrl0Bp6n9yheY1pH5HB;2NxR8uqQ4AMV8lk09xfqFV
2Ihrrl0Bp6n9yheY1pH5HB;15qTTqTKYsqJRhz5GN5xLP
2Ihrrl0Bp6n9yheY1pH5HB;4g2dDlVCL7KMBhN6c37RjY
2Ihrrl0Bp6n9yheY1pH5HB;41fe96o3cxCfvINxcxEe4R
2Ihrrl0Bp6n9yheY1pH5HB;0hWOw5E2wCwPeeD5k1N5nq
2Ihrrl0Bp6n9yheY1pH5HB;7xpw5FSNYXKfdQSBuO0THv
2Ihrrl0Bp6n9yheY1pH5HB;5rDdhgSxkryYbWyjYjMx85
2Ihrrl0Bp6n9yheY1pH5HB;3vNFsxBbA4dPkymPF5Jm1b
2Ihrrl0Bp6n9yheY1pH5HB;67ncFJWaIbJdqZl1bpEppz
1WGZ2aP5SnBPjaEDg2pVDd;3jha8ASOaMT5lKZf7hOygG
1WGZ2aP5SnBPjaEDg2pVDd;4r7iDEGdW2Gw9hJlCbi5qL
1WGZ2aP5SnBPjaEDg2pVDd;6rfGPGghQL7SJmZPXprXIc
1WGZ2aP5SnBPjaEDg2pVDd;0IvBJ71GLPHCuFO9hRbWZA
1WGZ2aP5SnBPjaEDg2pVDd;1PZMKTfrAn3HikmlYNUwY2
1WGZ2aP5SnBPjaEDg2pVDd;63PJI7dPUXQ4DW1QiGyvaa
1WGZ2aP5SnBPjaEDg2pVDd;6mcxQ1Y3uQRU0IHsvdNLH1
1WGZ2aP5SnBPjaEDg2pVDd;7l5nkTZpoD93OkynN0gcon
1WGZ2aP5SnBPjaEDg2pVDd;2EbL9RN1CpNav0UzTQVRdm
1WGZ2aP5SnBPjaEDg2pVDd;1JIzFhI9Lt5FyslawmHCBi
1WGZ2aP5SnBPjaEDg2pVDd;0WIbzDVEpmOyBnqqdtqIL9
1WGZ2aP5SnBPjaEDg2pVDd;6CAG3rBGPTAinoqgVD7fBJ
1WGZ2aP5SnBPjaEDg2pVDd;341b9JIDHZ3oaMVNwS0OsA
1WGZ2aP5SnBPjaEDg2pVDd;1XoRSyXWm7Vou7z11Z2j5Z
1WGZ2aP5SnBPjaEDg2pVDd;6Vz2IQv3AYoznh4tjsrRPo
1WGZ2aP5SnBPjaEDg2pVDd;6Vcwr9tb3ZLO63F8DL8cqu
1WGZ2aP5SnBPjaEDg2pVDd;52Bg6oaos7twR7IUtEpqcE
1WGZ2aP5SnBPjaEDg2pVDd;2Vp0ue7NNLHFF6RKSdOEuN
1WGZ2aP5SnBPjaEDg2pVDd;7yMYqHqzye8vtyiHqdVlZw
1WGZ2aP5SnBPjaEDg2pVDd;6NZMdOsLytBxcClbYkD5SU
1WGZ2aP5SnBPjaEDg2pVDd;5h5QKcwLeC2cg6EF2pMVUZ
1WGZ2aP5SnBPjaEDg2pVDd;3Uh7rAb7F0XGVpEEDwfH1k
1WGZ2aP5SnBPjaEDg2pVDd;7Jh1bpe76CNTCgdgAdBw4Z
1WGZ2aP5SnBPjaEDg2pVDd;4rCrSoFxqRFmnHQyFGlkbA
1WGZ2aP5SnBPjaEDg2pVDd;7tJQ4Ekp2vN3NlI3vJJW3v
1WGZ2aP5SnBPjaEDg2pVDd;1lvs1UC4nE3F8ZizzGUGYX
1WGZ2aP5SnBPjaEDg2pVDd;2DFRFqWNahKtFD112H2iEZ
1WGZ2aP5SnBPjaEDg2pVDd;59v1okflZrEkeb9JrxfJvX
1WGZ2aP5SnBPjaEDg2pVDd;3w7hnMNX4zVZeBJ6LisTjT
1WGZ2aP5SnBPjaEDg2pVDd;6l8oNVFkqdG5kDBv0DalCU
1WGZ2aP5SnBPjaEDg2pVDd;6vUssnJuFxgw1EFG717Kd5
1WGZ2aP5SnBPjaEDg2pVDd;7DqktFsRwJa0XDFPMjV1xJ
1WGZ2aP5SnBPjaEDg2pVDd;6bqB7idfAnJVisSMQA1mZQ
1WGZ2aP5SnBPjaEDg2pVDd;0P7DoyGrr4Wp9w5TotEtUC
1WGZ2aP5SnBPjaEDg2pVDd;2YkQuh1bijWzQJie9KfFQi
1WGZ2aP5SnBPjaEDg2pVDd;7xRemq7GLu0Tbqe9OckG87
1WGZ2aP5SnBPjaEDg2pVDd;7Me0vOSlJfaPY7Pc4GeItd
1WGZ2aP5SnBPjaEDg2pVDd;1VN8ew9KECPqYS3sVbnZRr
1WGZ2aP5SnBPjaEDg2pVDd;7egTKPYxbWaaV1jEzb1rHu
1WGZ2aP5SnBPjaEDg2pVDd;51QHQSU5C4WE7KqoqeNOCM
1WGZ2aP5SnBPjaEDg2pVDd;48wMTk5P8xP4lRuVA5uLsD
1WGZ2aP5SnBPjaEDg2pVDd;1rJi8cf8OWsrX4CqBnMSoQ
1WGZ2aP5SnBPjaEDg2pVDd;0MpsyFvt1KaxNYBYw2aanq
1WGZ2aP5SnBPjaEDg2pVDd;0Ziohm1Ku8E2yUDYoclfhO
1WGZ2aP5SnBPjaEDg2pVDd;69Kzq3FMkDwiSFBQzRckFD
1WGZ2aP5SnBPjaEDg2pVDd;31Tp5iKrVUayn65qhg06nE
1WGZ2aP5SnBPjaEDg2pVDd;29engDqjmMr3VLqMm0c0WE
1WGZ2aP5SnBPjaEDg2pVDd;1drLQNS9D5z9lBP4DbtO2R
1WGZ2aP5SnBPjaEDg2pVDd;3BQLTtpQOYGXQY2lT3ZZeU
1WGZ2aP5SnBPjaEDg2pVDd;2gPFK3pmM7zzws174NrjkG
2GdBRzke49kb5EvLrzJZJS;0a4rkBrO9C3BOPWullYPIM
2GdBRzke49kb5EvLrzJZJS;1phRuf0KNLOFGzDVE2UYIv
2GdBRzke49kb5EvLrzJZJS;2eIYmspGt58UeXPNUsp1oW
2GdBRzke49kb5EvLrzJZJS;3RPerpXuNznZbCuWYEBz5i
2GdBRzke49kb5EvLrzJZJS;1umKFpJdXDtquGCz4oBVDJ
2GdBRzke49kb5EvLrzJZJS;65KzDXZm9aQt8sA1k0ZVG3
2GdBRzke49kb5EvLrzJZJS;7yq4Qj7cqayVTp3FF9CWbm
2GdBRzke49kb5EvLrzJZJS;26uHwSHlaK5mskSMhbRod3
2GdBRzke49kb5EvLrzJZJS;46t0L3zahcM5AD4wg8ez7X
2GdBRzke49kb5EvLrzJZJS;3lGqz047x1WtLJjMV0tdA4
2GdBRzke49kb5EvLrzJZJS;6255IIBwKySv6RYrOeHfQh
2GdBRzke49kb5EvLrzJZJS;7s4JCyY8YIZSsKvtwStBQ6
2GdBRzke49kb5EvLrzJZJS;3deZQXBY8CJFbrTc2PbU34
2GdBRzke49kb5EvLrzJZJS;7huuoVBXjskB8kLgdRU9zu
2GdBRzke49kb5EvLrzJZJS;5e7H5e3BBsDJmygioSJMHF
2GdBRzke49kb5EvLrzJZJS;5kOBEsqVNwi4udPRbagNIV
2GdBRzke49kb5EvLrzJZJS;4h5m56ExHLPUC9NGz7U1Qa
2GdBRzke49kb5EvLrzJZJS;3pRaLNL3b8x5uBOcsgvdqM
2GdBRzke49kb5EvLrzJZJS;2XzS4vuHyjZ3jBhn1slvU4
2GdBRzke49kb5EvLrzJZJS;0KefTgKt7yjGkKPyO7yryV
2GdBRzke49kb5EvLrzJZJS;38YgZVHPWOWsKrsCXz6JyP
2GdBRzke49kb5EvLrzJZJS;4sX4O9mgw76aWhehf1eSRD
2GdBRzke49kb5EvLrzJZJS;0LO7f7ZJg871B8hLTRzrfB
2GdBRzke49kb5EvLrzJZJS;19Wq4WvjHAike5CNM1XWVP
2GdBRzke49kb5EvLrzJZJS;5Ob2Wt2IifgoFrSFrBnRZJ
2GdBRzke49kb5EvLrzJZJS;4aU1zq0W9Ftg1UAQSj4aHN
2GdBRzke49kb5EvLrzJZJS;5BM4OgN8Giv7Wi5K8TN02M
2GdBRzke49kb5EvLrzJZJS;14e46mURUUwB3i2vTe1gFz
2GdBRzke49kb5EvLrzJZJS;25Caem6cbUveFkgPSXtGXe
2GdBRzke49kb5EvLrzJZJS;2eEj2cIxdU4wm47z7UBMIC
2GdBRzke49kb5EvLrzJZJS;3hRV0jL3vUpRrcy398teAU
2GdBRzke49kb5EvLrzJZJS;5Jq4WWh3EKkxRfwAHiAMcS
2GdBRzke49kb5EvLrzJZJS;0eUfaEi18FD4WPPb44nL4B
2GdBRzke49kb5EvLrzJZJS;3gwfEBrFpzEFCZMjw7mqxA
2GdBRzke49kb5EvLrzJZJS;0aLBrgdmfl1DADg3ZO6y0N
2GdBRzke49kb5EvLrzJZJS;7fMYBrlKl9mkcMTUGT4j6l
2GdBRzke49kb5EvLrzJZJS;55fyE9Q754QhXpmcLtmmam
2GdBRzke49kb5EvLrzJZJS;7zkLpY72g6lKQbiHDqri1S
2GdBRzke49kb5EvLrzJZJS;63vZ8WlRIufZiJMMnWUCZh
2GdBRzke49kb5EvLrzJZJS;0CuXzMEgFzuQhLEYQHYas4
2GdBRzke49kb5EvLrzJZJS;0knqVSsgD7C8yu5yNmQFbA
2GdBRzke49kb5EvLrzJZJS;5YuHMfznSrE6qsKGQzcAnO
2GdBRzke49kb5EvLrzJZJS;4sIC8rHh2UIV6lmDJZRBZY
2GdBRzke49kb5EvLrzJZJS;4SlCb8n5Jw52astU7GWPyV
2GdBRzke49kb5EvLrzJZJS;0Em2XljAKp5THmpNvS83cp
2GdBRzke49kb5EvLrzJZJS;2BfvdgdBqLtwAzvgtZq9hb
2GdBRzke49kb5EvLrzJZJS;6AQGlm2uDrOVXPVJE4hrNu
2GdBRzke49kb5EvLrzJZJS;2FfZg072w8RoxlMOR7M4CT
2GdBRzke49kb5EvLrzJZJS;7x46YkKAwp3yZpaa72n5Mu
2GdBRzke49kb5EvLrzJZJS;77enz5hl8RicxrbPB56VXQ
2z53qxYsQYxfUOX7aIpvKr;7fhzES2ZyvdaD7jSwFOZrR
2z53qxYsQYxfUOX7aIpvKr;4xqowxjJ03RWog4teL6oqG
2z53qxYsQYxfUOX7aIpvKr;7di4QTqNCZjX4JUFKhWQsr
2z53qxYsQYxfUOX7aIpvKr;1OIauOQENP4NDDUyrzlj8z
2z53qxYsQYxfUOX7aIpvKr;7xpw5FSNYXKfdQSBuO0THv
2z53qxYsQYxfUOX7aIpvKr;3f56kKYqrscMfZaBHlLLHM
2z53qxYsQYxfUOX7aIpvKr;0WQ3l6AqrCJLDpxjhDHbFh
2z53qxYsQYxfUOX7aIpvKr;7GbOr8rUAMOSQeuJ5v7zKy
2z53qxYsQYxfUOX7aIpvKr;0Zw4llKeB35SIKASy1aLtV
2z53qxYsQYxfUOX7aIpvKr;64Grv2DLJ6gOn5cVVsREYJ
2z53qxYsQYxfUOX7aIpvKr;09dYenMs0WXWh0pAAtd9Zd
2z53qxYsQYxfUOX7aIpvKr;2N0UNkmGoHbyMrXI7OTi0Q
2z53qxYsQYxfUOX7aIpvKr;5TYgX48BJU0DXmt9cAHyQd
2z53qxYsQYxfUOX7aIpvKr;6dfDcCymuavZngy46rSGMC
2z53qxYsQYxfUOX7aIpvKr;0j5FJJOmmnXPd0XajFWkMF
2z53qxYsQYxfUOX7aIpvKr;79WrmdVsLbwRTUCiH7cPsa
2z53qxYsQYxfUOX7aIpvKr;3ubZmXKA2YikQd9EdKo5OR
2z53qxYsQYxfUOX7aIpvKr;5FqlDVyNf0FuHKAPS8a6K4
2z53qxYsQYxfUOX7aIpvKr;4YQhGLwuomdg5Ca1B6Rn1n
2z53qxYsQYxfUOX7aIpvKr;1GaYqv2NMMlVbG3ewJQ4A6
2z53qxYsQYxfUOX7aIpvKr;4aY26H8RJQ6zcvovm85GVg
2z53qxYsQYxfUOX7aIpvKr;6h9AH81lpDbjcsBz2ClqAE
2z53qxYsQYxfUOX7aIpvKr;3d9Otxxjac9PcvMXsO63bY
2z53qxYsQYxfUOX7aIpvKr;48mJX8glOrQkrSdVBjc0Wb
2z53qxYsQYxfUOX7aIpvKr;5Z34NH1AsA3xPL5OsDTfOa
2z53qxYsQYxfUOX7aIpvKr;3G2zIBotS9OUCK5uaHN2hz
2z53qxYsQYxfUOX7aIpvKr;49KhCrRQZG2PFikixwpNTi
2z53qxYsQYxfUOX7aIpvKr;0hEBtVmsVm4b7d4MsKADl9
2z53qxYsQYxfUOX7aIpvKr;0gRquinG7Rh5WnZnQ5u1AS
2z53qxYsQYxfUOX7aIpvKr;5TbDM1PBTyODDCTGEoDCxL
2z53qxYsQYxfUOX7aIpvKr;0rOaRWuB9sml2q60FuB0I8
2z53qxYsQYxfUOX7aIpvKr;5VRkJsYcf9z4Wni19FxICi
2z53qxYsQYxfUOX7aIpvKr;1XMvmOyw3Rxu76Rr1BXYR7
2z53qxYsQYxfUOX7aIpvKr;7FXtuasjfnLEutoz3N4uQB
2z53qxYsQYxfUOX7aIpvKr;3k0fPfRnom02UJetGU2Dz9
2z53qxYsQYxfUOX7aIpvKr;6JQefQo5K9vmBiDCyPt7fZ
2z53qxYsQYxfUOX7aIpvKr;7KZw49EgpR1BxOAzy5WIXx
2z53qxYsQYxfUOX7aIpvKr;0TBYbJIqSmK4znk4O2mYX5
2z53qxYsQYxfUOX7aIpvKr;7cxygyfR8LTaa37HWyJlRF
2z53qxYsQYxfUOX7aIpvKr;2acK24b60RQD2zBpW0Zsrw
2z53qxYsQYxfUOX7aIpvKr;7coU9ubp1OsK426uv4kpeS
2z53qxYsQYxfUOX7aIpvKr;5nz8NVfvYxix6AIRrEaMbI
2z53qxYsQYxfUOX7aIpvKr;6AAaMqpMVkscrwOOKu791A
2z53qxYsQYxfUOX7aIpvKr;0tYEsmdrsv5Fi3UOn58bou
2z53qxYsQYxfUOX7aIpvKr;5WGVncsu6ZFyH9AZfDAggR
2z53qxYsQYxfUOX7aIpvKr;1NcvMCA0sT05KwneYsD2TY
2z53qxYsQYxfUOX7aIpvKr;65MDo5mxRY45IHpyVkLEU5
2z53qxYsQYxfUOX7aIpvKr;6kVauIy0iOT2u1Gs8TBIqJ
2z53qxYsQYxfUOX7aIpvKr;4m8ttWM8IKXyhpv89E867J
2z53qxYsQYxfUOX7aIpvKr;5Bbj2kKDkUaoiyuD3nC0xh
25P6D08VANHBapCM9pvgEO;1zGokp7FQsXP5rQIM9wp6D
25P6D08VANHBapCM9pvgEO;7xG0XZhUxTu6Axewwq0jfN
25P6D08VANHBapCM9pvgEO;2h0HkReHGCQPOEDZXEMcTO
25P6D08VANHBapCM9pvgEO;0AwxXvGoYpioYfJeafgvTD
25P6D08VANHBapCM9pvgEO;0uKrhHBDUQ4w5fv4qwOubP
25P6D08VANHBapCM9pvgEO;46bTgJAQkrkNRxMuFnpRyD
25P6D08VANHBapCM9pvgEO;3yUcJwYu7fXAfqMj9krY6l
25P6D08VANHBapCM9pvgEO;1bgVQ6LgCqGR3FhsOcM5Jx
25P6D08VANHBapCM9pvgEO;6lsumzVFKP9SnfKcuGwqVp
25P6D08VANHBapCM9pvgEO;4WHg1INcwBlr7f66iaQueT
25P6D08VANHBapCM9pvgEO;5yJrl2r0vr6u9BXqQXZE3V
25P6D08VANHBapCM9pvgEO;03TbmfJZYulkobXNMzn9aI
25P6D08VANHBapCM9pvgEO;5gfmEhfgMIcV3He1wgDGJY
25P6D08VANHBapCM9pvgEO;40UlFC0dIxv7lAEJaPZLnm
25P6D08VANHBapCM9pvgEO;79PrPZu9zWyc1qwUwXchVl
25P6D08VANHBapCM9pvgEO;7KZw49EgpR1BxOAzy5WIXx
25P6D08VANHBapCM9pvgEO;5YqpHuXpFjDVZ7tY1ClFll
25P6D08VANHBapCM9pvgEO;6hmtNel4OKlBpBcTO7ao3o
25P6D08VANHBapCM9pvgEO;2CH4mc6qWAI3ejAdqpON9B
25P6D08VANHBapCM9pvgEO;2YTfOCd1ZNyC2FxnqyW5N7
25P6D08VANHBapCM9pvgEO;7L58q6GuEx27c12drvszhr
25P6D08VANHBapCM9pvgEO;1FTSo4v6BOZH9QxKc3MbVM
25P6D08VANHBapCM9pvgEO;4lgVbDYZR1VV4gEkIueSiw
25P6D08VANHBapCM9pvgEO;4RBj8ibYrWNFBstocoohUA
25P6D08VANHBapCM9pvgEO;1divptdjcWXvF1aflfTQnw
25P6D08VANHBapCM9pvgEO;1KNCpsUEi6VdDIBzZ1cMVd
25P6D08VANHBapCM9pvgEO;6VtY2xGJ9eyi1eATpvEerC
25P6D08VANHBapCM9pvgEO;4tFp1lNlkHiJjtUuL6h3K9
25P6D08VANHBapCM9pvgEO;2BndJYJQ17UcEeUFJP5JmY
25P6D08VANHBapCM9pvgEO;1v2zyAJrChw5JnfafSkwkJ
25P6D08VANHBapCM9pvgEO;3IRvvlj2KpYoH76mLacnsp
25P6D08VANHBapCM9pvgEO;68hIkZXqCrkdsugmX6zs6W
25P6D08VANHBapCM9pvgEO;4xFxK0FXmNlUDRgCaIQCVn
25P6D08VANHBapCM9pvgEO;5ibELGcXGqX5x9TWFeNPxY
25P6D08VANHBapCM9pvgEO;073SeFG3UBg9IHibPlajPf
25P6D08VANHBapCM9pvgEO;2irCiCNN2kheis3bdovtQO
25P6D08VANHBapCM9pvgEO;4pKHsfz8ARX5m0yBlbFCYp
25P6D08VANHBapCM9pvgEO;6RHHbAbyIcPpvS1dP3KUGq
25P6D08VANHBapCM9pvgEO;7fhzES2ZyvdaD7jSwFOZrR
25P6D08VANHBapCM9pvgEO;4uPi47C1WcnhIbvCx4zCu6
25P6D08VANHBapCM9pvgEO;0Tt2jli0yAD1MKSTb5MvS2
25P6D08VANHBapCM9pvgEO;1Oxfkivggl27vXMrVUf9KY
25P6D08VANHBapCM9pvgEO;0TBYbJIqSmK4znk4O2mYX5
25P6D08VANHBapCM9pvgEO;0FaCEaPKDuvpDWoQsZ9m9o
25P6D08VANHBapCM9pvgEO;7aJjhQlplwtUS7emsLIEWC
25P6D08VANHBapCM9pvgEO;0P6YJv6QXReDChZBbpvFmF
25P6D08VANHBapCM9pvgEO;3I1vR204axOX2250ie1gt3
25P6D08VANHBapCM9pvgEO;1cBxAm8a0fENn2ix3Dfm3u
25P6D08VANHBapCM9pvgEO;0vyQzGo4ZhrOvp0zMkpyLP
25P6D08VANHBapCM9pvgEO;4EP87eJihvWwsugOYa6u9g
6xYIbBD7VrcFYhUX3mnxBa;1rI0sMuAEeAOPihDEwPa3y
6xYIbBD7VrcFYhUX3mnxBa;6k5QsifpMWtY5ilnzBZ0u4
6xYIbBD7VrcFYhUX3mnxBa;7Gr61S9VTm8fcYfAo4Fd9g
6xYIbBD7VrcFYhUX3mnxBa;4rtnLe7BMoqxUj4Y8Wgqf6
6xYIbBD7VrcFYhUX3mnxBa;4c0ecVwn17owdwpIBL07wC
6xYIbBD7VrcFYhUX3mnxBa;4wOKTOwGVrie2GIbCMEe7U
6xYIbBD7VrcFYhUX3mnxBa;7w7dNg4CYpVG3qwC4SJbRt
6xYIbBD7VrcFYhUX3mnxBa;7fO6hgP2MnAjVtSxResRw2
6xYIbBD7VrcFYhUX3mnxBa;3fqKHi4U4FSuP92IBSitQX
6xYIbBD7VrcFYhUX3mnxBa;3GrJTr4cajNO0glcnu2Eul
6xYIbBD7VrcFYhUX3mnxBa;5UDoMj8EIEXrQ4N0UR0nos
6xYIbBD7VrcFYhUX3mnxBa;0VNzEY1G4GLqcNx5qaaTl6
6xYIbBD7VrcFYhUX3mnxBa;2SgNoPUi4SOUNmp2Y7SNQj
6xYIbBD7VrcFYhUX3mnxBa;6M665tf7ZKQzUFA5yOrUE4
6xYIbBD7VrcFYhUX3mnxBa;52vA3CYKZqZVdQnzRrdZt6
6xYIbBD7VrcFYhUX3mnxBa;4T4LGFMX5ZSiCkuZNuOOel
6xYIbBD7VrcFYhUX3mnxBa;721gOIOYPYJIGw2LLvLjsd
6xYIbBD7VrcFYhUX3mnxBa;1H3gGIIkTPtBfasqsi9kme
6xYIbBD7VrcFYhUX3mnxBa;19vLkdCfmAGywmMRiNtlqE
6xYIbBD7VrcFYhUX3mnxBa;2JHs0rSCXLxdaDEyUoAkcz
6xYIbBD7VrcFYhUX3mnxBa;0TUPxOcJc4R3PbWo8QwC3m
6xYIbBD7VrcFYhUX3mnxBa;62FgmkaAc47fWDWW24NGWK
6xYIbBD7VrcFYhUX3mnxBa;6sQv6XMvSp0PB0cuuS6Dfz
6xYIbBD7VrcFYhUX3mnxBa;27hhIs2fp6w06N5zx4Eaa5
6xYIbBD7VrcFYhUX3mnxBa;3sT8Pu1fKLh8dwYUy52hg1
6xYIbBD7VrcFYhUX3mnxBa;2tlYXcTPCg8FyzwAz4M3p1
6xYIbBD7VrcFYhUX3mnxBa;47lFZqhF26N2HAJ0gamBYe
6xYIbBD7VrcFYhUX3mnxBa;1Db0VtDXT3QRiQCmBo4IPX
6xYIbBD7VrcFYhUX3mnxBa;18GiV1BaXzPVYpp9rmOg0E
6xYIbBD7VrcFYhUX3mnxBa;40W8Mm9t3ZO1iNQlls35lL
6xYIbBD7VrcFYhUX3mnxBa;0DAmSYQW9kq9gQNDI002KP
6xYIbBD7VrcFYhUX3mnxBa;4hZGQQRphhGdjyMlJINBDI
6xYIbBD7VrcFYhUX3mnxBa;7jOVz43pU3sGMbKdoSBeWU
6xYIbBD7VrcFYhUX3mnxBa;0dzbfio3qTYG9uk40SJNcr
6xYIbBD7VrcFYhUX3mnxBa;13SU4lie7zpoEoA6EKgsKS
6xYIbBD7VrcFYhUX3mnxBa;69uJi5QsBtqlYkGURTBli8
6xYIbBD7VrcFYhUX3mnxBa;3JeSmJwvbQkIqcZ0LM46wm
6xYIbBD7VrcFYhUX3mnxBa;4MPh6lOj3FhHVdMRqJ2dj3
6xYIbBD7VrcFYhUX3mnxBa;18bzuq8A21sRcI4w4gqGD2
6xYIbBD7VrcFYhUX3mnxBa;1XxRYmDKuABtbtCozx3pA2
6xYIbBD7VrcFYhUX3mnxBa;6UkMcAA19lTdjs22jtB7o2
6xYIbBD7VrcFYhUX3mnxBa;55MKjMndzFsl8ImJdWAcgj
6xYIbBD7VrcFYhUX3mnxBa;4t8tx6o7oM6Ax66ZUU361y
6xYIbBD7VrcFYhUX3mnxBa;2x0supcZhd6NEH1nem9DnR
6xYIbBD7VrcFYhUX3mnxBa;3ORn0rgu27z7hlnNgvYWse
6xYIbBD7VrcFYhUX3mnxBa;56ilrbKJF2bph5W6eZaM5E
6xYIbBD7VrcFYhUX3mnxBa;7J5tyfg3OYVNR97KH66ovw
6xYIbBD7VrcFYhUX3mnxBa;6FPwoNnpbqqIyiDyXhRPtZ
6xYIbBD7VrcFYhUX3mnxBa;32ssNweOtmacNBEC2kHzA8
6xYIbBD7VrcFYhUX3mnxBa;7gSXNrDpUr5mMDThxS6Y6i
6CAG3rBGPTAinoqgVD7fBJ;0V5cvmTKsYmF5FmGGEAfmS
6CAG3rBGPTAinoqgVD7fBJ;7zVfEu1dEvRw4EkWoqrBkx
6CAG3rBGPTAinoqgVD7fBJ;3rrtbnOBDzKQfyYKTezEFe
6CAG3rBGPTAinoqgVD7fBJ;51JNZr0bBwOMFoSnB2oDNv
6CAG3rBGPTAinoqgVD7fBJ;5UMj02x4nNREgIxzMldm33
6CAG3rBGPTAinoqgVD7fBJ;1sH0BilBR8geHAG1nQgvPs
6CAG3rBGPTAinoqgVD7fBJ;0A7qioko14RIfc0xd5Vqqi
6CAG3rBGPTAinoqgVD7fBJ;1bFPKxP56XWDXJOwo3Kvfp
6CAG3rBGPTAinoqgVD7fBJ;0WeqauIUZSjsupDGXsXWsP
6CAG3rBGPTAinoqgVD7fBJ;0XVlp2oAeLlu2RWi4A2oqL
6CAG3rBGPTAinoqgVD7fBJ;5IH0ic5hh8AQ0UDo6rLLtE
6CAG3rBGPTAinoqgVD7fBJ;2ilo3w0stilJKeQZS61FeN
6CAG3rBGPTAinoqgVD7fBJ;7yP9PPNZQrq1TE0XNpswJA
6CAG3rBGPTAinoqgVD7fBJ;2KKBONcn6UBAH3paFgPkfZ
6CAG3rBGPTAinoqgVD7fBJ;1Xm7HoeUAd75qGEyDvLBtQ
6CAG3rBGPTAinoqgVD7fBJ;0MtVmhAx6CxNuxFIUc6Mj9
6CAG3rBGPTAinoqgVD7fBJ;1lvs1UC4nE3F8ZizzGUGYX
6CAG3rBGPTAinoqgVD7fBJ;1LzNfuep1bnAUR9skqdHCK
6CAG3rBGPTAinoqgVD7fBJ;2zuCel4NqWnLH28iUQemw1
6CAG3rBGPTAinoqgVD7fBJ;7fQFSu5m50PFFm6CdYKSHF
6CAG3rBGPTAinoqgVD7fBJ;35yZkNFNVosiHE6Uj0COVM
6CAG3rBGPTAinoqgVD7fBJ;1StXVL5gClph4z4XzanYko
6CAG3rBGPTAinoqgVD7fBJ;5th3rj1nW25bm5iSLiK3i9
6CAG3rBGPTAinoqgVD7fBJ;5VvsZvy1mwx4teyvI7O9rs
6CAG3rBGPTAinoqgVD7fBJ;6BTbkK77y1FAKgEyKN4wmU
6CAG3rBGPTAinoqgVD7fBJ;3GoYVxMWfMWzq35I6oIskP
6CAG3rBGPTAinoqgVD7fBJ;3LHg768dEKqJKht2uPTlVR
6CAG3rBGPTAinoqgVD7fBJ;7dnrJItpF3gZ1OkmH4wUW6
6CAG3rBGPTAinoqgVD7fBJ;3YNJqxG1ktPPZMQUVqdyyU
6CAG3rBGPTAinoqgVD7fBJ;0xVU3b2ZWl8cq8QuZ6oYPl
6CAG3rBGPTAinoqgVD7fBJ;4hGOhC87bn7JBdYykOJJvJ
6CAG3rBGPTAinoqgVD7fBJ;2pKi1lRvXNASy7ybeQIDTy
6CAG3rBGPTAinoqgVD7fBJ;26COgYlbcouIcJo3nprpox
6CAG3rBGPTAinoqgVD7fBJ;45gpJxviKRBsQo1lDZ03Xf
6CAG3rBGPTAinoqgVD7fBJ;2fdMAIsNH4wY7RRda8aCfL
6CAG3rBGPTAinoqgVD7fBJ;0G6Ws8Gbdt0S7pZeuYmkmm
6CAG3rBGPTAinoqgVD7fBJ;6tEaLXZlN8b71vWV1SSsRf
6CAG3rBGPTAinoqgVD7fBJ;7Hbk0iikT7B7omtpOhJ4Uh
6CAG3rBGPTAinoqgVD7fBJ;4OkML1wIzej3XnT9GONnv5
6CAG3rBGPTAinoqgVD7fBJ;4xqowxjJ03RWog4teL6oqG
6CAG3rBGPTAinoqgVD7fBJ;4GrfClvQgCVLsCfqw7YthQ
6CAG3rBGPTAinoqgVD7fBJ;4AgRNjbPzEtWu91uHrDPRb
6CAG3rBGPTAinoqgVD7fBJ;4lWSboJhc3oPZEuMKJM6M0
6CAG3rBGPTAinoqgVD7fBJ;78tJyvCFFvl3b0jqdj2EUO
6CAG3rBGPTAinoqgVD7fBJ;3YYKrn3iGOAel605Znt3ai
6CAG3rBGPTAinoqgVD7fBJ;0wi8l8td4g1AqsiLGvMzbi
6CAG3rBGPTAinoqgVD7fBJ;4aUCovTNe98WnwE6AIl0pU
6CAG3rBGPTAinoqgVD7fBJ;7sReVMQAn2dkBi0l9Es5Tv
6CAG3rBGPTAinoqgVD7fBJ;1frLfdzAN9vP7iryVFkchw
6CAG3rBGPTAinoqgVD7fBJ;6JuEshIRliNXRU1LXctRjZ
7ovjkihSn8dagY3TWieigl;4xqowxjJ03RWog4teL6oqG
7ovjkihSn8dagY3TWieigl;2UWdUez9MB9yzL7Y81Mcip
7ovjkihSn8dagY3TWieigl;7Bo0xLcXWx3pdhqwthqGaz
7ovjkihSn8dagY3TWieigl;55l3ZlpxGMKkVqs41yXChK
7ovjkihSn8dagY3TWieigl;0eR4XTxrSePsQqijLNBzVd
7ovjkihSn8dagY3TWieigl;0wi8l8td4g1AqsiLGvMzbi
7ovjkihSn8dagY3TWieigl;5aGkIyzLVYGuLIHkxpNAFF
7ovjkihSn8dagY3TWieigl;6d01Jkzt0zYiQINWJJFCaf
7ovjkihSn8dagY3TWieigl;1UeCBCLyF7DGFk2pfiEk34
7ovjkihSn8dagY3TWieigl;4VNWVzVj6QnNwasZBjPGdu
7ovjkihSn8dagY3TWieigl;4PMvRfhHAx5j6Bb3XsFLoq
7ovjkihSn8dagY3TWieigl;5FFQbvn7055P1DvgJDdCBP
7ovjkihSn8dagY3TWieigl;4BmtCb6sdMqECAItGmFDvU
7ovjkihSn8dagY3TWieigl;1lvs1UC4nE3F8ZizzGUGYX
7ovjkihSn8dagY3TWieigl;0mP897I93DZwdgtjkSriwj
7ovjkihSn8dagY3TWieigl;07eGxuz8bL6QMsRqEe1Adu
7ovjkihSn8dagY3TWieigl;3403qFGo7u2ptUyJbdEkjI
7ovjkihSn8dagY3TWieigl;7KMd4njKt3hOh2T2IC0Zzn
7ovjkihSn8dagY3TWieigl;0GixW2r7DQK76xOxMmKn8S
7ovjkihSn8dagY3TWieigl;2VpbXHtCshxYHMun0CZCh5
7ovjkihSn8dagY3TWieigl;7AlVeahkUlCgpkA1VKAT3e
7ovjkihSn8dagY3TWieigl;0ej0gx9JY7fNJv9thW5UEe
7ovjkihSn8dagY3TWieigl;2cP37n7TZEe0oBxCbZu0KA
7ovjkihSn8dagY3TWieigl;5ApxZEQ1u6BhPrqeolLi6K
7ovjkihSn8dagY3TWieigl;3MdPDYxD89AcSCaEpkptYq
7ovjkihSn8dagY3TWieigl;5Zzsml4m0OIj7jT2hhPeyj
7ovjkihSn8dagY3TWieigl;3Uh7rAb7F0XGVpEEDwfH1k
7ovjkihSn8dagY3TWieigl;2cbic3TiUENlJX91y67ARR
7ovjkihSn8dagY3TWieigl;3WtB2who5tPeyzpe2rAoPk
7ovjkihSn8dagY3TWieigl;4OTdFcuAndBtoPJTsBIyQi
7ovjkihSn8dagY3TWieigl;4wd09wCccmxUB7XVJp0RNn
7ovjkihSn8dagY3TWieigl;7zVfEu1dEvRw4EkWoqrBkx
7ovjkihSn8dagY3TWieigl;2a1c7bQ01PZhj3Pe0RALM5
7ovjkihSn8dagY3TWieigl;4I5kQyAYTvwHEIiZIP8B2j
7ovjkihSn8dagY3TWieigl;729m4QKLjNwjFdmSPSrJ1E
7ovjkihSn8dagY3TWieigl;4AlpKDHtYkP6gsBNVAZ8FR
7ovjkihSn8dagY3TWieigl;66olzBxCgKlpFRB1LKH5pO
7ovjkihSn8dagY3TWieigl;1xLiOXTkAetjRqmPQwELn4
7ovjkihSn8dagY3TWieigl;4xfAVJL8R7mVYbDk8a9xOY
7ovjkihSn8dagY3TWieigl;3gQZdiGlObKaY274Q3lnoH
7ovjkihSn8dagY3TWieigl;1oOERjLzZ95dCH0uzAt4ck
7ovjkihSn8dagY3TWieigl;6UGpcXcENaUqQKPc6oqOe4
7ovjkihSn8dagY3TWieigl;2m0t8SqIROCNqlYz9NJWb7
7ovjkihSn8dagY3TWieigl;16qzGrIMWoxerw2gnW0zuv
7ovjkihSn8dagY3TWieigl;516V4vS25xnGdVgkBWO6Wf
7ovjkihSn8dagY3TWieigl;26B0n5dX4S6pEdFMkfdNZo
7ovjkihSn8dagY3TWieigl;0Y1fueUFu8jQtUxdUmOojf
7ovjkihSn8dagY3TWieigl;1eTZQmiMtnoRrqwrjZE0Hy
7ovjkihSn8dagY3TWieigl;5xwar7KFXDlPzEhhRf5ua4
7ovjkihSn8dagY3TWieigl;68wC8gxwsMfWXjwxVxerGT
64gpgh5jBMxyh7iVJll23t;16XeptMdlJTWWeIrwEAOvv
64gpgh5jBMxyh7iVJll23t;2PzU4IB8Dr6mxV3lHuaG34
64gpgh5jBMxyh7iVJll23t;0KMGxYKeUzK9wc5DZCt3HT
64gpgh5jBMxyh7iVJll23t;0DQqzCHlPyKQXfF8uL01SI
64gpgh5jBMxyh7iVJll23t;31Tp5iKrVUayn65qhg06nE
64gpgh5jBMxyh7iVJll23t;39q7xibBdRboeMKUbZEB6g
64gpgh5jBMxyh7iVJll23t;2JHs0rSCXLxdaDEyUoAkcz
64gpgh5jBMxyh7iVJll23t;3GlYv2EDC7EBoslv2dOE0G
64gpgh5jBMxyh7iVJll23t;4q6bSpQPptaC9uIqmu5GEw
64gpgh5jBMxyh7iVJll23t;1qhp5owrFGeZ5Jgin28nwR
64gpgh5jBMxyh7iVJll23t;5uaRhjHGI81AosMUWuceto
64gpgh5jBMxyh7iVJll23t;5N6GzBkdnHcaH96R6aJQHm
64gpgh5jBMxyh7iVJll23t;0aym2LBJBk9DAYuHHutrIl
64gpgh5jBMxyh7iVJll23t;6ZSTinOwx5dKFYc6iYyGDn
64gpgh5jBMxyh7iVJll23t;5pAOqaC5qsNboL8Vm9Pjl9
64gpgh5jBMxyh7iVJll23t;1gJOqXpRjz9GeEEwQpcujK
64gpgh5jBMxyh7iVJll23t;1ppuHX1oVMku5LTL0swNZP
64gpgh5jBMxyh7iVJll23t;7tJQ4Ekp2vN3NlI3vJJW3v
64gpgh5jBMxyh7iVJll23t;1jcPcDu2YawPfLhwjYnqK2
64gpgh5jBMxyh7iVJll23t;7uEcCGtM1FBBGIhPozhJjv
64gpgh5jBMxyh7iVJll23t;4YFRvewBPozzyXqSgHYUfi
64gpgh5jBMxyh7iVJll23t;6QhXQOpyYvbpdbyjgAqKdY
64gpgh5jBMxyh7iVJll23t;19slC7k8bsPOAKDjHYLU2W
64gpgh5jBMxyh7iVJll23t;0Ziohm1Ku8E2yUDYoclfhO
64gpgh5jBMxyh7iVJll23t;6OuRbvP4PgbuzBIapVzmFJ
64gpgh5jBMxyh7iVJll23t;561F1zqRwGPCTMRsLsXVtL
64gpgh5jBMxyh7iVJll23t;0Fnb2pfBfu0ka33d6Yki17
64gpgh5jBMxyh7iVJll23t;7i0VrdLCDhvgWXfcT6EQJG
64gpgh5jBMxyh7iVJll23t;7safX55XidhznxK5eDdDm5
64gpgh5jBMxyh7iVJll23t;0uHYplBhwLYey7f9qAmnSM
64gpgh5jBMxyh7iVJll23t;4mWahKerLaVddUjb8d1Q4Q
64gpgh5jBMxyh7iVJll23t;6G0NzOx2jEPFsSmhr9N8Ys
64gpgh5jBMxyh7iVJll23t;6LbbHFEajG9e4m0G3L47c4
64gpgh5jBMxyh7iVJll23t;7HrzErXq3TsKOY1gmdIShB
64gpgh5jBMxyh7iVJll23t;5bIwtIednTXz7BHnnoQN06
64gpgh5jBMxyh7iVJll23t;4hupcimlg3UBbW1kAQ6vrT
64gpgh5jBMxyh7iVJll23t;7sDHD9tCtnPqGNTRHy0kSR
64gpgh5jBMxyh7iVJll23t;38llcrfX1arUqrEe0DRRzW
64gpgh5jBMxyh7iVJll23t;3mFzIFFFmEXTQs6BDAK2ZZ
64gpgh5jBMxyh7iVJll23t;6dfhF1BDGmhM69fnCb6wSC
64gpgh5jBMxyh7iVJll23t;0Bg100ruK1ZD7H96rNo6fR
64gpgh5jBMxyh7iVJll23t;5RgFlk1fcClZd0Y4SGYhqH
64gpgh5jBMxyh7iVJll23t;3GfJAD2kbBwaP8TII3xhjn
64gpgh5jBMxyh7iVJll23t;5gOd6zDC8vhlYjqbQdJVWP
64gpgh5jBMxyh7iVJll23t;4xjVfArXNQRxAvsUpjmfMt
64gpgh5jBMxyh7iVJll23t;3KRJx4PjRJBFPGFQD0p02H
64gpgh5jBMxyh7iVJll23t;52vA3CYKZqZVdQnzRrdZt6
64gpgh5jBMxyh7iVJll23t;3PzsbWSQdLCKDLxn7YZfkM
64gpgh5jBMxyh7iVJll23t;4JLcAU2xY90qTkTSNM1lUa
64gpgh5jBMxyh7iVJll23t;07GvNcU1WdyZJq3XxP0kZa
2DAOtuxHBop3cIcPjQeSXv;2kkvB3RNRzwjFdGhaUA0tz
2DAOtuxHBop3cIcPjQeSXv;5LoxEEVJZexmsipbWNxSZs
2DAOtuxHBop3cIcPjQeSXv;6MQuAYJgRwUn44gCdOcFIm
2DAOtuxHBop3cIcPjQeSXv;0BBcbPbTWW8MaLKIDHtsAi
2DAOtuxHBop3cIcPjQeSXv;1zU2sDGmJUNhr5z0EXuVcV
2DAOtuxHBop3cIcPjQeSXv;6QwOmMMlQ9dlZlS12yFc2b
2DAOtuxHBop3cIcPjQeSXv;7iWIdiJlKvJ4PjFYVrWLUU
2DAOtuxHBop3cIcPjQeSXv;1n6gDSllAqVSweuFD82hNH
2DAOtuxHBop3cIcPjQeSXv;3iZ5twPwvFeOUQA4Deu8tP
2DAOtuxHBop3cIcPjQeSXv;5TX4HB4ndwJCxoD3FWEIQx
2DAOtuxHBop3cIcPjQeSXv;5Icqjqizh8TnwHdejZQQGQ
2DAOtuxHBop3cIcPjQeSXv;5zNCFqfUZ0qsrnDRjcJLdW
2DAOtuxHBop3cIcPjQeSXv;0nikKJBGdruXuk1ZsmT1jW
2DAOtuxHBop3cIcPjQeSXv;4jtIRaEzERJyksw8YJPdml
2DAOtuxHBop3cIcPjQeSXv;28H3wOEKsaEa8NBEYCLl4j
2DAOtuxHBop3cIcPjQeSXv;3AhXZa8sUQht0UEdBJgpGc
2DAOtuxHBop3cIcPjQeSXv;4Wd9pEtEnZNDjgiswGOpJb
2DAOtuxHBop3cIcPjQeSXv;5eM6Rrk8rwLpUhrh7Kk5R1
2DAOtuxHBop3cIcPjQeSXv;7fLTytvnvxy653VWxflTRf
2DAOtuxHBop3cIcPjQeSXv;6BmzbaB08O0FjHXeS0cR5b
2DAOtuxHBop3cIcPjQeSXv;6Vcwr9tb3ZLO63F8DL8cqu
2DAOtuxHBop3cIcPjQeSXv;4MiX7j4kYbWZlGOimqFvtE
2DAOtuxHBop3cIcPjQeSXv;3AecLVrPzZwaQwfWSJQFWW
2DAOtuxHBop3cIcPjQeSXv;55LRDFmsuazr533WrtHHW9
2DAOtuxHBop3cIcPjQeSXv;05oETzWbd4SI33qK2gbJfR
2DAOtuxHBop3cIcPjQeSXv;2uxsnsH0XzOBZkMrSFVmll
2DAOtuxHBop3cIcPjQeSXv;6TSBIfIbxuPDi1uqMqy1iV
2DAOtuxHBop3cIcPjQeSXv;0Bg100ruK1ZD7H96rNo6fR
2DAOtuxHBop3cIcPjQeSXv;6bLy8YiVKRpUzwWZG6lVDq
2DAOtuxHBop3cIcPjQeSXv;4vpeKl0vMGdAXpZiQB2Dtd
2DAOtuxHBop3cIcPjQeSXv;3LcAkcVcE665YU4uQtQHTV
2DAOtuxHBop3cIcPjQeSXv;4u5IwspSA7c4r1KWqGM3gY
2DAOtuxHBop3cIcPjQeSXv;4CYS95ya2r73ndgQPMo7PW
2DAOtuxHBop3cIcPjQeSXv;5H6Jp0syB5yEPk7SWYdlmk
2DAOtuxHBop3cIcPjQeSXv;3KePc5zqybSrshHWzo65pk
2DAOtuxHBop3cIcPjQeSXv;1vVsBCkVMYdLhgiC4F54G4
2DAOtuxHBop3cIcPjQeSXv;223ebnSx4gnLXWAEsIfuB7
2DAOtuxHBop3cIcPjQeSXv;042v1NacbKJzCyi6nBme7T
2DAOtuxHBop3cIcPjQeSXv;3NW1YMA8kfNVTzGJCGBS8m
2DAOtuxHBop3cIcPjQeSXv;0kVDDRnrwLTzse9FMESHeV
2DAOtuxHBop3cIcPjQeSXv;4BoEkyrekQzY1oEehWT2S7
2DAOtuxHBop3cIcPjQeSXv;60TYdVs6TWIsAJ1MPRdv59
2DAOtuxHBop3cIcPjQeSXv;0ehVk4Py6iyLpfruxVYq4S
2DAOtuxHBop3cIcPjQeSXv;4CayREZylZ5ij94y1v0zlc
2DAOtuxHBop3cIcPjQeSXv;2z34AUAlDL5ZVjZpCNqwD1
2DAOtuxHBop3cIcPjQeSXv;7jeSFewaQLq8t2x8OZFQxZ
2DAOtuxHBop3cIcPjQeSXv;7DqktFsRwJa0XDFPMjV1xJ
2DAOtuxHBop3cIcPjQeSXv;5qZKuuKGngifO5psg19XdO
2DAOtuxHBop3cIcPjQeSXv;1p8Co3ZVnAwtKm0hUc0yVN
2DAOtuxHBop3cIcPjQeSXv;5zX6E4brIhshX7MPWQiiO5
0dYL7lcRjKIckzlaZgbKJy;6L0BBPYeWnaQJeDa0ox0IA
0dYL7lcRjKIckzlaZgbKJy;1lFC3sMgOcDrVzNh8zXRnl
0dYL7lcRjKIckzlaZgbKJy;62jFrzCMncwCQTnt8RcHw7
0dYL7lcRjKIckzlaZgbKJy;2usngk5vXSKh4oOMDjW0r8
0dYL7lcRjKIckzlaZgbKJy;3sEQf5AuiphddGXRIWBcO9
0dYL7lcRjKIckzlaZgbKJy;1tZ5ctX3Q1P6QZJ1bR25sd
0dYL7lcRjKIckzlaZgbKJy;0ccCwNzXvr1Yoz91vKz31Z
0dYL7lcRjKIckzlaZgbKJy;0MrkkxbgfHfbxrTg12oHd4
0dYL7lcRjKIckzlaZgbKJy;5by3w3NXvwDpV9FBSOR35u
0dYL7lcRjKIckzlaZgbKJy;6NwkAlnyJTL5mPAQuK3i36
0dYL7lcRjKIckzlaZgbKJy;2Bcu8cmU7qYu3qXLowHQie
0dYL7lcRjKIckzlaZgbKJy;22Z1oXsrIc85FKrIsSSWY2
0dYL7lcRjKIckzlaZgbKJy;0gqjrg3hlZVBx1KOoMRdU0
0dYL7lcRjKIckzlaZgbKJy;3Bx2b6DkK0lOLuwnLVaULP
0dYL7lcRjKIckzlaZgbKJy;04e1VQ69ll2TR5Jp8F2n5B
0dYL7lcRjKIckzlaZgbKJy;4X5BZo70kQoOcDN2KlbrPC
0dYL7lcRjKIckzlaZgbKJy;3SVAN3BRByDmHOhKyIDxfC
0dYL7lcRjKIckzlaZgbKJy;7Me0vOSlJfaPY7Pc4GeItd
0dYL7lcRjKIckzlaZgbKJy;6uunyBNvRyzQl5imkPYdEb
0dYL7lcRjKIckzlaZgbKJy;2v4QDxWYnWApZZhU0D62yW
0dYL7lcRjKIckzlaZgbKJy;5E5HYgxGMp3BPakHGfKfIB
0dYL7lcRjKIckzlaZgbKJy;71D4LseR0RADPbyvMeTIHR
0dYL7lcRjKIckzlaZgbKJy;0wzRcekWyVCSyPtlPOeJau
0dYL7lcRjKIckzlaZgbKJy;78tAP5CKvrqiQRSviMSlBU
0dYL7lcRjKIckzlaZgbKJy;63mcP0x75XfiNDHgRI4VD7
0dYL7lcRjKIckzlaZgbKJy;7AEvyxJS2Eayyr6q5sEU66
0dYL7lcRjKIckzlaZgbKJy;4BmtCb6sdMqECAItGmFDvU
0dYL7lcRjKIckzlaZgbKJy;6mg4SIOWX2BfaI1O2NG9ml
0dYL7lcRjKIckzlaZgbKJy;3fElupNRLRJ0tbUDahPrAb
0dYL7lcRjKIckzlaZgbKJy;1FFKj1TucNWJ6bbMvjZs7Z
0dYL7lcRjKIckzlaZgbKJy;2SsrjDZM8ZIvKaUssqPs4o
0dYL7lcRjKIckzlaZgbKJy;2ks8cXb0OOJjpT9LVEDEAs
0dYL7lcRjKIckzlaZgbKJy;3zIrLEU2Q7UuKJb4hODlFD
0dYL7lcRjKIckzlaZgbKJy;3HWxpLKnTlz6jE3Vi5dTF2
0dYL7lcRjKIckzlaZgbKJy;3ow0TQVttXQF8rLckmXgRx
0dYL7lcRjKIckzlaZgbKJy;4ptHRYPFdzn6FGxTNDI2Vi
0dYL7lcRjKIckzlaZgbKJy;1bFPKxP56XWDXJOwo3Kvfp
0dYL7lcRjKIckzlaZgbKJy;3mWJY5PUwz8WTtM5YTeFy4
0dYL7lcRjKIckzlaZgbKJy;6DST3HT8zF8WpNmg9tHuaa
0dYL7lcRjKIckzlaZgbKJy;0rGSsZNraPeVOjdKThMKSB
0dYL7lcRjKIckzlaZgbKJy;1cC3uP4HyA6LgnHdmTz1Hr
0dYL7lcRjKIckzlaZgbKJy;1Eolhana7nKHYpcYpdVcT5
0dYL7lcRjKIckzlaZgbKJy;0EJHhccadE8UvdZ5wGI1SN
0dYL7lcRjKIckzlaZgbKJy;75bs436F5nk7LVGQxDxq4j
0dYL7lcRjKIckzlaZgbKJy;5IafdoRLyaGPeeA6f8ysIe
0dYL7lcRjKIckzlaZgbKJy;0nCAVzknkzRXRgB6LhRv04
0dYL7lcRjKIckzlaZgbKJy;3cBke5zT5ourZspGh1cvNu
0dYL7lcRjKIckzlaZgbKJy;4sLbfRkX9GjCjoNYJSoRDr
0dYL7lcRjKIckzlaZgbKJy;6CAAtj6NsktcBydmDjrXaR
0dYL7lcRjKIckzlaZgbKJy;03wn5kP9qGwFHz2hpP2GrY
58IZLB5bpAKQgeccRgq0ZI;1yG1OpMiV8WtDeOYEBvNW8
58IZLB5bpAKQgeccRgq0ZI;0jnTz7CcNUjCx5nrEfT7wx
58IZLB5bpAKQgeccRgq0ZI;6FJFopt2OciePAHVkLqu25
58IZLB5bpAKQgeccRgq0ZI;0ITk3g0njX3AkzTX0RX6gK
58IZLB5bpAKQgeccRgq0ZI;1DCx5SCqZGVUgnxEMkd91p
58IZLB5bpAKQgeccRgq0ZI;2xlgLLcGDnvaQXyyjGhRdG
58IZLB5bpAKQgeccRgq0ZI;2SCUPzpjvmFz2xqNikBaJE
58IZLB5bpAKQgeccRgq0ZI;4BHxhxzEjPivA5ho9Xqtw4
58IZLB5bpAKQgeccRgq0ZI;5ah8bwmT61dQPS6Yz5Ty6j
58IZLB5bpAKQgeccRgq0ZI;6JvGyWs97jMwURym0BNRFo
58IZLB5bpAKQgeccRgq0ZI;1sQxrKrojCSuBk6XuaT8vm
58IZLB5bpAKQgeccRgq0ZI;3hNpnx2AXhIVBhNOoiBUmI
58IZLB5bpAKQgeccRgq0ZI;0bXhjlgUddDlJzHOeVM4Tq
58IZLB5bpAKQgeccRgq0ZI;3rtkoN3YlwVmDgXf4DOBee
58IZLB5bpAKQgeccRgq0ZI;6BqWhxll86CGGE6WxgdRqG
58IZLB5bpAKQgeccRgq0ZI;305WCRhhS10XUcH6AEwZk6
58IZLB5bpAKQgeccRgq0ZI;6Bm4iUw1PhEDfo5kOeQ7lr
58IZLB5bpAKQgeccRgq0ZI;5z9kQWLFo4McsaMDGgBDto
58IZLB5bpAKQgeccRgq0ZI;2XdqpbWk9vrnnXGDqeGawA
58IZLB5bpAKQgeccRgq0ZI;22u5Yu7vcYEQrIwA2Y9Rj6
58IZLB5bpAKQgeccRgq0ZI;6QxQz4h8vdcVb9NZq2x8RO
58IZLB5bpAKQgeccRgq0ZI;03GIk20uwlLmxs5getH3Wb
58IZLB5bpAKQgeccRgq0ZI;64i71pjySnBlA7P46uSGZ7
58IZLB5bpAKQgeccRgq0ZI;4R7NLVLt1qyYsqqieGkf7B
58IZLB5bpAKQgeccRgq0ZI;64cUfm02HStJ0T1y9mc10o
58IZLB5bpAKQgeccRgq0ZI;1PNqXwrDUfsFcTdkca95fp
58IZLB5bpAKQgeccRgq0ZI;2hS3ftamG1bqou03dIWSXg
58IZLB5bpAKQgeccRgq0ZI;0FkloQbDAl1xjM1UC2jBIN
58IZLB5bpAKQgeccRgq0ZI;0Ln5tJyLX5qusquBOtq7wf
58IZLB5bpAKQgeccRgq0ZI;2ySclvHzUFOlgw5MHcvVe6
58IZLB5bpAKQgeccRgq0ZI;1NS2bcz3h8U4938KUaP6I7
58IZLB5bpAKQgeccRgq0ZI;2Za6jB61KH7XZUr1nlGCHB
58IZLB5bpAKQgeccRgq0ZI;5S8EZuiSNFR2N5eG58oISQ
58IZLB5bpAKQgeccRgq0ZI;0Aus4ZKUL1HKySUwtYcmHg
58IZLB5bpAKQgeccRgq0ZI;3SpJqM7WYtl9YyacewgZTk
58IZLB5bpAKQgeccRgq0ZI;70wYA8oYHoMzhRRkARoMhU
58IZLB5bpAKQgeccRgq0ZI;4kCH4NWOhIBKOH3y1miFxq
58IZLB5bpAKQgeccRgq0ZI;7BHPGtpuuWWsvE7cCaMuEU
58IZLB5bpAKQgeccRgq0ZI;7lgYfxx7ommrhxdCixLwMh
58IZLB5bpAKQgeccRgq0ZI;5dvBeCMTzUNjyWIcuykzyh
58IZLB5bpAKQgeccRgq0ZI;4o85qXIRUdCcO2pH31eWM7
58IZLB5bpAKQgeccRgq0ZI;09v3dFgd3YwrD0U5gkNaTg
58IZLB5bpAKQgeccRgq0ZI;2Fqd6jSc5wCQyVcRnTMJtf
58IZLB5bpAKQgeccRgq0ZI;5kNYGyPkorBykxgUE6EL1X
58IZLB5bpAKQgeccRgq0ZI;7hp7jJxTfVM9okwofVcEVN
58IZLB5bpAKQgeccRgq0ZI;5ESlqw6qmskPdhvcqe6HM8
58IZLB5bpAKQgeccRgq0ZI;50LmpNbi13PKVKIGHBOLNV
58IZLB5bpAKQgeccRgq0ZI;3SF4Gv83mx2cq9uDP5EFVu
58IZLB5bpAKQgeccRgq0ZI;7yHRmaBkHKXKJmS1xMzicZ
58IZLB5bpAKQgeccRgq0ZI;1SXP53Ue7P7ZBiDeRUG9H4
6pvWan5WFd6pyXTn4cJjeo;0UAJH0k4k3slcE83a9UGCe
6pvWan5WFd6pyXTn4cJjeo;3NGLzAYAksAik9FiqmmS52
6pvWan5WFd6pyXTn4cJjeo;5lN1EH25gdiqT1SFALMAq1
6pvWan5WFd6pyXTn4cJjeo;4mWahKerLaVddUjb8d1Q4Q
6pvWan5WFd6pyXTn4cJjeo;1QEEqeFIZktqIpPI4jSVSF
6pvWan5WFd6pyXTn4cJjeo;1W1GpfPujmgp2vQqcpUhtU
6pvWan5WFd6pyXTn4cJjeo;6QDbGdbJ57Mtkflsg42WV5
6pvWan5WFd6pyXTn4cJjeo;1gzIbdFnGJ226LTl0Cn2SX
6pvWan5WFd6pyXTn4cJjeo;2IBJHglp50a8GxonbKrnPf
6pvWan5WFd6pyXTn4cJjeo;72ahyckBJfTigJCFCviVN7
6pvWan5WFd6pyXTn4cJjeo;62oNfnQqObaqARM0DTibAL
6pvWan5WFd6pyXTn4cJjeo;6DmfWj5kOa1fX8AwN9byOn
6pvWan5WFd6pyXTn4cJjeo;4fQMGlCawbTkH9yPPZ49kP
6pvWan5WFd6pyXTn4cJjeo;6rdEEYHsLavlklAypD5cre
6pvWan5WFd6pyXTn4cJjeo;72Z17vmmeQKAg8bptWvpVG
6pvWan5WFd6pyXTn4cJjeo;3v9xlH6BpmRbqL7hgNJhfT
6pvWan5WFd6pyXTn4cJjeo;5XcZRgJv3zMhTqCyESjQrF
6pvWan5WFd6pyXTn4cJjeo;6RFkVsPmrM4pzlDkFswwJl
6pvWan5WFd6pyXTn4cJjeo;2rd9ETlulTbz6BYZcdvIE1
6pvWan5WFd6pyXTn4cJjeo;6lFZbCc7pn6Lme1NP7qQqQ
6pvWan5WFd6pyXTn4cJjeo;78JmElAFmrPNhLjovDR9Jm
6pvWan5WFd6pyXTn4cJjeo;66hdYurKbEfP74fvWtR7mj
6pvWan5WFd6pyXTn4cJjeo;1Q1b8eVkUPGlpSArl8JAVw
6pvWan5WFd6pyXTn4cJjeo;0MYNeFsKpzBHwrJGfWZysV
6pvWan5WFd6pyXTn4cJjeo;4iVTSRiJAA18d3QglhyJ6Q
6pvWan5WFd6pyXTn4cJjeo;4PRGxHpCpF2yoOHYKQIEwD
6pvWan5WFd6pyXTn4cJjeo;6fybp4N6eW3bsFAvARxyVe
6pvWan5WFd6pyXTn4cJjeo;6C4LXC9UFH1IKiHYOp0BiJ
6pvWan5WFd6pyXTn4cJjeo;4gMgiXfqyzZLMhsksGmbQV
6pvWan5WFd6pyXTn4cJjeo;3Jl5GohfNwozDmpzmQBLDI
6pvWan5WFd6pyXTn4cJjeo;2EC9IJj7g0mN1Q5VrZkiYY
6pvWan5WFd6pyXTn4cJjeo;4a5pNRjwmzYQuEY1E7O6pj
6pvWan5WFd6pyXTn4cJjeo;3MFFDRC4wTN9JNGtzXsZlN
6pvWan5WFd6pyXTn4cJjeo;0OBwxFLu6Yj61s2OagYbgY
6pvWan5WFd6pyXTn4cJjeo;020X55mawvXGASoewg14Dj
6pvWan5WFd6pyXTn4cJjeo;6ZWn1MVUaBH2HNQobhMYeE
6pvWan5WFd6pyXTn4cJjeo;0wz1LjDb9ZNEYwOmDJ3Q4b
6pvWan5WFd6pyXTn4cJjeo;1hXtY9yeMAcxZlBvWzjwJn
6pvWan5WFd6pyXTn4cJjeo;2c1ccPqUnFYD8W7LY65bKG
6pvWan5WFd6pyXTn4cJjeo;2jz6rWGqVCYsymwxGoaON4
6pvWan5WFd6pyXTn4cJjeo;26uVP8g7Uijo0zuN22De3x
6pvWan5WFd6pyXTn4cJjeo;3fnPv1LRMxENr63afVhaz1
6pvWan5WFd6pyXTn4cJjeo;6FT83pFXKhDlXDsNJFAHWz
6pvWan5WFd6pyXTn4cJjeo;3LQPTJEqOfljGBxmpgUnoC
6pvWan5WFd6pyXTn4cJjeo;4cQJ27R11K634x5qCOwKW5
6pvWan5WFd6pyXTn4cJjeo;0iOZM63lendWRTTeKhZBSC
6pvWan5WFd6pyXTn4cJjeo;3ZuVfQriS93y6ofwbIf7lp
6pvWan5WFd6pyXTn4cJjeo;3G7tRC24Uh09Hmp1KZ7LQ2
6pvWan5WFd6pyXTn4cJjeo;0YZ3J8xzGwLOg4yEgST1YK
6pvWan5WFd6pyXTn4cJjeo;23MrkN7g6Q5U7GLIxNHN1B
2TKLzAtvY9CdHR0FRiMpD2;6G3NoUqDpqD3Rgfel2pD6s
2TKLzAtvY9CdHR0FRiMpD2;5AEDWD5WvmaRfCDBUJ5p0Y
2TKLzAtvY9CdHR0FRiMpD2;6Jp0GuFxAYbTdre1uUPgaB
2TKLzAtvY9CdHR0FRiMpD2;7HrzErXq3TsKOY1gmdIShB
2TKLzAtvY9CdHR0FRiMpD2;4GbnjrrobeVLCl1FQ5C0OY
2TKLzAtvY9CdHR0FRiMpD2;53rN8CcgrWP6DZcuQ4Q4og
2TKLzAtvY9CdHR0FRiMpD2;3YnqEDXU7djXRkQmPENU3G
2TKLzAtvY9CdHR0FRiMpD2;5FJDdlqrK6Czv3EP0FloLF
2TKLzAtvY9CdHR0FRiMpD2;1DKyFVzIh1oa1fFnEmTkIl
2TKLzAtvY9CdHR0FRiMpD2;5fxTVTAnkYdCDALHd19UdO
2TKLzAtvY9CdHR0FRiMpD2;12X975TabaOePM1hEBTiu6
2TKLzAtvY9CdHR0FRiMpD2;3aPFEoQcI9STvZDVbKzK1c
2TKLzAtvY9CdHR0FRiMpD2;01tFpbYAKvX1x1msvTstC7
2TKLzAtvY9CdHR0FRiMpD2;4ouIWkFspNZYFO87Gdufxb
2TKLzAtvY9CdHR0FRiMpD2;7c0buJ0txyXZjaFULHQLu3
2TKLzAtvY9CdHR0FRiMpD2;7tJQ4Ekp2vN3NlI3vJJW3v
2TKLzAtvY9CdHR0FRiMpD2;5lmGgOaixbwKHtpTzjJoqx
2TKLzAtvY9CdHR0FRiMpD2;0vQSLobb4kNy0M1w92bKZm
2TKLzAtvY9CdHR0FRiMpD2;3SWKvEoDEjKTt6dtSPQjbK
2TKLzAtvY9CdHR0FRiMpD2;4BC2WQKrZdqMX6rHsvVbUy
2TKLzAtvY9CdHR0FRiMpD2;6oyYKWTbYt5Zb8tIiLZbmH
2TKLzAtvY9CdHR0FRiMpD2;263Iuyk08ks1v6FIudUIGD
2TKLzAtvY9CdHR0FRiMpD2;70YvYr2hGlS01bKRIho1HM
2TKLzAtvY9CdHR0FRiMpD2;0upLyFR8Rr52ZpMp5esQoq
2TKLzAtvY9CdHR0FRiMpD2;3KJ7rmrp8u37yJwx2zDsVH
2TKLzAtvY9CdHR0FRiMpD2;24wUUPqDonEJryKo1NclJo
2TKLzAtvY9CdHR0FRiMpD2;24FmdHoCr2jZGE6Z6dZbJT
2TKLzAtvY9CdHR0FRiMpD2;7zrHnJ87htwgS20PzFmgTr
2TKLzAtvY9CdHR0FRiMpD2;0TzCim4sBQZ9N0AAG25lOM
2TKLzAtvY9CdHR0FRiMpD2;3fElupNRLRJ0tbUDahPrAb
2TKLzAtvY9CdHR0FRiMpD2;0INUNNYfsp4qr6kJdY46mY
2TKLzAtvY9CdHR0FRiMpD2;0Jl5bIEve3A4axcjY3EgDZ
2TKLzAtvY9CdHR0FRiMpD2;26TsScuJSlqwZyaoWG2l7u
2TKLzAtvY9CdHR0FRiMpD2;4ad6i49KKTPUFIbrQ0hK12
2TKLzAtvY9CdHR0FRiMpD2;37Tmv4NnfQeb0ZgUC4fOJj
2TKLzAtvY9CdHR0FRiMpD2;09lvcOgd50inFOOiBGny2i
2TKLzAtvY9CdHR0FRiMpD2;6k9DUKMJpWvu6eFG3O64Lg
2TKLzAtvY9CdHR0FRiMpD2;7dNpGQ8LHfWo3rkFCwUgZy
2TKLzAtvY9CdHR0FRiMpD2;6lFZbCc7pn6Lme1NP7qQqQ
2TKLzAtvY9CdHR0FRiMpD2;7ESIxTacW3XARnqVJeU0vv
2TKLzAtvY9CdHR0FRiMpD2;1ZyBSeyX7ISulW1NARgWFS
2TKLzAtvY9CdHR0FRiMpD2;6qORtZtvR2dzbIYvhEi7fc
2TKLzAtvY9CdHR0FRiMpD2;4zJBF8rXepeoJ0qJOqMLhj
2TKLzAtvY9CdHR0FRiMpD2;3QP9B2esvPxLlbxaiNGQVK
2TKLzAtvY9CdHR0FRiMpD2;0hCB0YR03f6AmQaHbwWDe8
2TKLzAtvY9CdHR0FRiMpD2;45Ia1U4KtIjAPPU7Wv1Sea
2TKLzAtvY9CdHR0FRiMpD2;0KW9pI53r5lIZTI2p3psZd
2TKLzAtvY9CdHR0FRiMpD2;52dm9op3rbfAkc1LGXgipW
2TKLzAtvY9CdHR0FRiMpD2;04AJcjNnmmnOwUdbFUj5Hv
2TKLzAtvY9CdHR0FRiMpD2;53kWBpTaAPrE3BC0d22y3i
5lZ4Dm9BBGcCBVbfzxnyCX;7cO9viuq09OjfpSXjPIPyc
5lZ4Dm9BBGcCBVbfzxnyCX;0hNVjU6JKydHts0SAjHCno
5lZ4Dm9BBGcCBVbfzxnyCX;1idiifjTcCoGfBeZiYOdim
5lZ4Dm9BBGcCBVbfzxnyCX;6TgqY8Vfm4StBe8hsxi3Ti
5lZ4Dm9BBGcCBVbfzxnyCX;4U6mBgGP8FXN6UH4T3AJhu
5lZ4Dm9BBGcCBVbfzxnyCX;2DnJjbjNTV9Nd5NOa1KGba
5lZ4Dm9BBGcCBVbfzxnyCX;4gj5Wv7rAJYhBrGPu01mxD
5lZ4Dm9BBGcCBVbfzxnyCX;51KKQAgYFoJHgVIuJWHdHb
5lZ4Dm9BBGcCBVbfzxnyCX;0FCKHuRofhl0Z1dvP7BHo1
5lZ4Dm9BBGcCBVbfzxnyCX;3FMQnxcc6FcPscLeLqtW5S
5lZ4Dm9BBGcCBVbfzxnyCX;4mBEFc7XQuJa9w4mNLIZNp
5lZ4Dm9BBGcCBVbfzxnyCX;4S3pWm2rFpl4cv7KsHh3p9
5lZ4Dm9BBGcCBVbfzxnyCX;6VltRkmJbCTqgKrTHk4Ulw
5lZ4Dm9BBGcCBVbfzxnyCX;6MrILERJLA3Jcq0E9poZsp
5lZ4Dm9BBGcCBVbfzxnyCX;6EkTeQdRqTMr1C5gdTmtRu
5lZ4Dm9BBGcCBVbfzxnyCX;5NtOAfnwkKo7eAGq7Uap3J
5lZ4Dm9BBGcCBVbfzxnyCX;11607FzqoipskTsXrwEHnJ
5lZ4Dm9BBGcCBVbfzxnyCX;7LZoKNMhsZ7qbP1lYGDva8
5lZ4Dm9BBGcCBVbfzxnyCX;4wESSHqChrl4kwWmZ6otXc
5lZ4Dm9BBGcCBVbfzxnyCX;7eYYxblNEZKKeTT0HBQbXO
5lZ4Dm9BBGcCBVbfzxnyCX;0P7DoyGrr4Wp9w5TotEtUC
5lZ4Dm9BBGcCBVbfzxnyCX;1gJOqXpRjz9GeEEwQpcujK
5lZ4Dm9BBGcCBVbfzxnyCX;6iI6NXjtI3IkjK2k1juqaX
5lZ4Dm9BBGcCBVbfzxnyCX;4QTV3dLUyYu5vFPEFvA1jg
5lZ4Dm9BBGcCBVbfzxnyCX;3GfJAD2kbBwaP8TII3xhjn
5lZ4Dm9BBGcCBVbfzxnyCX;17nOJOcPbcl4sKzM2yyYDp
5lZ4Dm9BBGcCBVbfzxnyCX;3GlYv2EDC7EBoslv2dOE0G
5lZ4Dm9BBGcCBVbfzxnyCX;5WyuRWUcOOhAic0tj9Pl28
5lZ4Dm9BBGcCBVbfzxnyCX;0q4k9xVfRMT24nWZtZfk09
5lZ4Dm9BBGcCBVbfzxnyCX;1xKQbqQtQWrtQS47fUJBtl
5lZ4Dm9BBGcCBVbfzxnyCX;6GXl3ADX2Lw5JaOSk620j2
5lZ4Dm9BBGcCBVbfzxnyCX;1eN42Q7IWRzRBq8eW2Y2TE
5lZ4Dm9BBGcCBVbfzxnyCX;4YVjOnSTkv0ZVdgI6sS7Wb
5lZ4Dm9BBGcCBVbfzxnyCX;6Xz7FeyE8HTP90HecgHV57
5lZ4Dm9BBGcCBVbfzxnyCX;78I82909V5pLKRmRfKiGAG
5lZ4Dm9BBGcCBVbfzxnyCX;2KU944ARlycn1xv8W4I3Oe
5lZ4Dm9BBGcCBVbfzxnyCX;7tJQ4Ekp2vN3NlI3vJJW3v
5lZ4Dm9BBGcCBVbfzxnyCX;3Jy0dWV5AnnfyTvHK6UWof
5lZ4Dm9BBGcCBVbfzxnyCX;41QWKQjT6riBhHAGYHU9Xu
5lZ4Dm9BBGcCBVbfzxnyCX;1wed13CuglKBkOnVFFzI1D
5lZ4Dm9BBGcCBVbfzxnyCX;0uHYplBhwLYey7f9qAmnSM
5lZ4Dm9BBGcCBVbfzxnyCX;58cKWhCT3I4yhxtNpBlMli
5lZ4Dm9BBGcCBVbfzxnyCX;1XeCCcv0C9vD6Z8P9E8uhG
5lZ4Dm9BBGcCBVbfzxnyCX;7qbLE7ssJcnWD6EO7My847
5lZ4Dm9BBGcCBVbfzxnyCX;0Ov9u8GyAwgVK4jKD0ZI1U
5lZ4Dm9BBGcCBVbfzxnyCX;6yLIqXX9edg1x0HZS7cZEv
5lZ4Dm9BBGcCBVbfzxnyCX;3nvuPQTw2zuFAVuLsC9IYQ
5lZ4Dm9BBGcCBVbfzxnyCX;5zb7npjQqoJ7Kcpq4yD9qn
5lZ4Dm9BBGcCBVbfzxnyCX;5N6GzBkdnHcaH96R6aJQHm
5lZ4Dm9BBGcCBVbfzxnyCX;6l8oNVFkqdG5kDBv0DalCU
3Rw6ifCtnZFPwHbK8BKAFM;39Itp5PzJMkhbqhgaXRNPt
3Rw6ifCtnZFPwHbK8BKAFM;23Uv9xqLumDqEBNIdHhCcO
3Rw6ifCtnZFPwHbK8BKAFM;2YUPbMzVaViXUKyIpzq8bG
3Rw6ifCtnZFPwHbK8BKAFM;4VUtGQM4JAn7Y6Y4Ffqowd
3Rw6ifCtnZFPwHbK8BKAFM;4TATmoPNHmkiOcyQ6vxnUc
3Rw6ifCtnZFPwHbK8BKAFM;7Eh7jr5A72LytEEWERCdy8
3Rw6ifCtnZFPwHbK8BKAFM;2JtVDBrTE7bydPkOA11eeI
3Rw6ifCtnZFPwHbK8BKAFM;6yTfbusJrluqfbygXFM8NJ
3Rw6ifCtnZFPwHbK8BKAFM;6qQHip8kDskb8e0Q7chRYp
3Rw6ifCtnZFPwHbK8BKAFM;411ZgpZys4vAs0nvDolXhr
3Rw6ifCtnZFPwHbK8BKAFM;6YFdkANcfV8E05lER3RZ3S
3Rw6ifCtnZFPwHbK8BKAFM;7zAdhALxP0VgzJvODLgNla
3Rw6ifCtnZFPwHbK8BKAFM;59hH7GJFrSd5v9FwgSZEw8
3Rw6ifCtnZFPwHbK8BKAFM;7AyHtPNolrWSyRYY0jLLFV
3Rw6ifCtnZFPwHbK8BKAFM;6MC0QTKf4VTZ6HWeTmNPGp
3Rw6ifCtnZFPwHbK8BKAFM;2UIBGlnhXSV3Ht1ykB9h9o
3Rw6ifCtnZFPwHbK8BKAFM;5jm4Nt2be7k1vHTmTNDTrr
3Rw6ifCtnZFPwHbK8BKAFM;3SzGQVc0znxORRq27aKSDK
3Rw6ifCtnZFPwHbK8BKAFM;6ORuHaU0JoaI2SpdbwmNSo
3Rw6ifCtnZFPwHbK8BKAFM;1H9WbSFLAMc0u2FglVVLT0
3Rw6ifCtnZFPwHbK8BKAFM;2nd5BSE3XYWGSfqmtZKase
3Rw6ifCtnZFPwHbK8BKAFM;22vtJXtjvoBbs9jmrxZpqk
3Rw6ifCtnZFPwHbK8BKAFM;0DwkRL2SX2UDhV06cKVc2c
3Rw6ifCtnZFPwHbK8BKAFM;0HUuZgsEZpZHmYVJKb2fu2
3Rw6ifCtnZFPwHbK8BKAFM;1cMj7kXu7lgsNc2noeEotY
3Rw6ifCtnZFPwHbK8BKAFM;6SKTKRKshtGC5cmWZd5IFK
3Rw6ifCtnZFPwHbK8BKAFM;7HZksAABeeD8vc76SzwHeS
3Rw6ifCtnZFPwHbK8BKAFM;6i0C8nAgzPr3vhbOMnDgTK
3Rw6ifCtnZFPwHbK8BKAFM;13EDA24eLVSsnI5kYtResu
3Rw6ifCtnZFPwHbK8BKAFM;7xzMrUmlooPa1Fmp88hlYc
3Rw6ifCtnZFPwHbK8BKAFM;7wOQ70gyLgum6uSJaDDdBD
3Rw6ifCtnZFPwHbK8BKAFM;2uR6DAqwZCfDeD6jFrD5zA
3Rw6ifCtnZFPwHbK8BKAFM;3Wb0d7PcBdFKVnTJ75UQ1l
3Rw6ifCtnZFPwHbK8BKAFM;0AagFZbqzmLZWDtGyF7IF0
3Rw6ifCtnZFPwHbK8BKAFM;0oG0TzBsjH1BNtH6K0km13
3Rw6ifCtnZFPwHbK8BKAFM;4RLhdwclHWmNNB6rdkB8Zf
3Rw6ifCtnZFPwHbK8BKAFM;5gadrptR2djsXrCg6R3HAw
3Rw6ifCtnZFPwHbK8BKAFM;2Dh9ccJMVKWXVOhW5S9E62
3Rw6ifCtnZFPwHbK8BKAFM;6C9HKMNA6725Ke89MSN10J
3Rw6ifCtnZFPwHbK8BKAFM;6PVCcLstrgObm8aw6GsV02
3Rw6ifCtnZFPwHbK8BKAFM;7pT4LrQTqQ0tip6ZwZWkSF
3Rw6ifCtnZFPwHbK8BKAFM;6lFaE8hzmuYUFLk3egExfB
3Rw6ifCtnZFPwHbK8BKAFM;54GVlgzKdNwZeamMQYQM9W
3Rw6ifCtnZFPwHbK8BKAFM;215T4Mg4JXPs7UpZhKWmqs
3Rw6ifCtnZFPwHbK8BKAFM;7uJ0Nzghx3EbwxkQGE3vnZ
3Rw6ifCtnZFPwHbK8BKAFM;4NNum5STi4d8nYZaEgplca
3Rw6ifCtnZFPwHbK8BKAFM;4JGujW9i2gYS2414ajJT9y
3Rw6ifCtnZFPwHbK8BKAFM;0xW2mOUr00euj1d3hxW0lM
3Rw6ifCtnZFPwHbK8BKAFM;0Ys0HbC853RbJ7QmU0tMyt
3Rw6ifCtnZFPwHbK8BKAFM;3TPr2Em1i454nDS8UJbaFW
0q6LuUqGLUiCPP1cbdwFs3;0vek0LcCbvcMtj0GkXMMJy
0q6LuUqGLUiCPP1cbdwFs3;2O07FF1DMc1oRDlkIo33FC
0q6LuUqGLUiCPP1cbdwFs3;2i63MeQVdPuLvDH4EdaqXO
0q6LuUqGLUiCPP1cbdwFs3;29tzJGvqJPTAFs6LXmsHoA
0q6LuUqGLUiCPP1cbdwFs3;4dxHS0hjxMEwZoV23lq74D
0q6LuUqGLUiCPP1cbdwFs3;0ZK8TGOsngrstVPsnrHbK1
0q6LuUqGLUiCPP1cbdwFs3;6qOBFuoFiay0tRAs5en6nB
0q6LuUqGLUiCPP1cbdwFs3;2UyWClHKt6fut3IpS2tJiR
0q6LuUqGLUiCPP1cbdwFs3;605E2oDpy3uSIhbRFcrQyn
0q6LuUqGLUiCPP1cbdwFs3;33rOTAUrmU6RTu3WsJLp5Q
0q6LuUqGLUiCPP1cbdwFs3;1KPDAA9zyJXcEDvFW5inYi
0q6LuUqGLUiCPP1cbdwFs3;7ffkdwy4EvMSeUnPVSyqqw
0q6LuUqGLUiCPP1cbdwFs3;37CBHPCzV1rizPrxRUyR72
0q6LuUqGLUiCPP1cbdwFs3;3DXJaOI3mI10QkPhRu3r2p
0q6LuUqGLUiCPP1cbdwFs3;6BUTNN55unuERHJmH26446
0q6LuUqGLUiCPP1cbdwFs3;5XeIQO9gGkGo54naYVVeJP
0q6LuUqGLUiCPP1cbdwFs3;5W3cjX2J3tjhG8zb6u0qHn
0q6LuUqGLUiCPP1cbdwFs3;7cX4PJz1old9fyFI8RlfgW
0q6LuUqGLUiCPP1cbdwFs3;1TuopWDIuDi1553081zvuU
0q6LuUqGLUiCPP1cbdwFs3;6ReKt5x6FVUXTMdWNC6GAQ
0q6LuUqGLUiCPP1cbdwFs3;6mVD1SfTvlFAPVi7txFL5H
0q6LuUqGLUiCPP1cbdwFs3;0Fe3WxeO6lZZxj7ytvbDUh
0q6LuUqGLUiCPP1cbdwFs3;5xC8uOesnn0udeXAYlAnoY
0q6LuUqGLUiCPP1cbdwFs3;6ewQE1dNPv9qqlnB1CxrvM
0q6LuUqGLUiCPP1cbdwFs3;7orU1FfShkJboMQF1g1cOf
0q6LuUqGLUiCPP1cbdwFs3;1NeLwFETswx8Fzxl2AFl91
0q6LuUqGLUiCPP1cbdwFs3;15ea10YpJIl3mJq75yzqsD
0q6LuUqGLUiCPP1cbdwFs3;7hm4HTk9encxT0LYC0J6oI
0q6LuUqGLUiCPP1cbdwFs3;1jJci4qxiYcOHhQR247rEU
0q6LuUqGLUiCPP1cbdwFs3;5CeL9C3bsoe4yzYS1Qz8cw
0q6LuUqGLUiCPP1cbdwFs3;1A8SxnqRK3qabmuN2qxIpa
0q6LuUqGLUiCPP1cbdwFs3;5g7uidL6cVNS7GxcCAXa19
0q6LuUqGLUiCPP1cbdwFs3;2zzLRQ78kKfPTx8FJQCdC2
0q6LuUqGLUiCPP1cbdwFs3;1mvyqSb1tOvtVP1qfWEyPa
0q6LuUqGLUiCPP1cbdwFs3;3YB9cvd668HXBEq8rbBW8P
0q6LuUqGLUiCPP1cbdwFs3;6zGTjEZ2zpLbl5Ij7vzTsi
0q6LuUqGLUiCPP1cbdwFs3;4OciRObYGzPzlU40U7YRc8
0q6LuUqGLUiCPP1cbdwFs3;1k2evZFY2y8sl6A9zVtwiK
0q6LuUqGLUiCPP1cbdwFs3;5jpzs443nFQHRJ6RmMW4uo
0q6LuUqGLUiCPP1cbdwFs3;0ccCwNzXvr1Yoz91vKz31Z
0q6LuUqGLUiCPP1cbdwFs3;5n0CTysih20NYdT2S0Wpe8
0q6LuUqGLUiCPP1cbdwFs3;2MLHyLy5z5l5YRp7momlgw
0q6LuUqGLUiCPP1cbdwFs3;2QilECqmzYBoI6yS5D8ftS
0q6LuUqGLUiCPP1cbdwFs3;6NtLv8Gib08OxCYWZ8xc3i
0q6LuUqGLUiCPP1cbdwFs3;2X485T9Z5Ly0xyaghN73ed
0q6LuUqGLUiCPP1cbdwFs3;6DG1vjbBFKJWVeihm4hK0X
0q6LuUqGLUiCPP1cbdwFs3;3skn2lauGk7Dx6bVIt5DVj
0q6LuUqGLUiCPP1cbdwFs3;3FtYbEfBqAlGO46NUDQSAt
0q6LuUqGLUiCPP1cbdwFs3;4A5FLaZI3Ni5eT0c9fqi8F
0q6LuUqGLUiCPP1cbdwFs3;0cs671lxX2eoDzr2KMuo3N
3bH4HzoZZFq8UpZmI2AMgV;4dRqYKhLVujxiBXcq50YzG
3bH4HzoZZFq8UpZmI2AMgV;2xbuycY0MolcTZGENc4PuK
3bH4HzoZZFq8UpZmI2AMgV;1Yqovy9hlOeV91IY3Bhcf2
3bH4HzoZZFq8UpZmI2AMgV;4rmIfFUZhhi9sS5IYtpkXw
3bH4HzoZZFq8UpZmI2AMgV;6A1GBCMwbfhkB9e1thR8a8
3bH4HzoZZFq8UpZmI2AMgV;1ErrkKi89V68HHsyUizbJA
3bH4HzoZZFq8UpZmI2AMgV;7cpCU3Denug5NGZsSpQl8v
3bH4HzoZZFq8UpZmI2AMgV;6N4giKsqtwFjeEc1alG68f
3bH4HzoZZFq8UpZmI2AMgV;03VNgdCL9t8aPyvwZecglI
3bH4HzoZZFq8UpZmI2AMgV;1Cv1YLb4q0RzL6pybtaMLo
3bH4HzoZZFq8UpZmI2AMgV;0OkMj0czyhrDCIhOSLFpHK
3bH4HzoZZFq8UpZmI2AMgV;1TPLsNVlofwX1txcE9gZZF
3bH4HzoZZFq8UpZmI2AMgV;32T61xmNSIXhGkEszzs0t8
3bH4HzoZZFq8UpZmI2AMgV;33DzKnwuBE6lfOiADwzd5E
3bH4HzoZZFq8UpZmI2AMgV;6BZ6pl5bczDc3cMF1kBaOy
3bH4HzoZZFq8UpZmI2AMgV;4KqBoq7MoDJeVsvUHTjXCM
3bH4HzoZZFq8UpZmI2AMgV;65Bynqyt59f3fojjs1Uo41
3bH4HzoZZFq8UpZmI2AMgV;0ltO5bci13M68sTnEctBxR
3bH4HzoZZFq8UpZmI2AMgV;0yZcjdT4KwNiWrjOAHLHtS
3bH4HzoZZFq8UpZmI2AMgV;5P4OS6niKRV6zsdPKPcnRM
3bH4HzoZZFq8UpZmI2AMgV;6HguG9HRb1Ke1bhihfE4m8
3bH4HzoZZFq8UpZmI2AMgV;1ydOxBgLmEMfWffu6t4H5x
3bH4HzoZZFq8UpZmI2AMgV;5eVhNIrZkJjrmZ1YIQegKL
3bH4HzoZZFq8UpZmI2AMgV;6iCJCZqDJjmBxt07Oid6FI
3bH4HzoZZFq8UpZmI2AMgV;7cBAltYsu55X4BgiOUjaSY
3bH4HzoZZFq8UpZmI2AMgV;4bsMM8V87y5igGk6urk6b7
3bH4HzoZZFq8UpZmI2AMgV;7MsL9a98WUHN76Wks49Zeq
3bH4HzoZZFq8UpZmI2AMgV;7i1pavASRUZk62ejaUIESa
3bH4HzoZZFq8UpZmI2AMgV;78zUxUPvONPgMIt46q5be6
3bH4HzoZZFq8UpZmI2AMgV;70HWRkitkAKfos500LBk0T
3bH4HzoZZFq8UpZmI2AMgV;43RRT2lNaEGaVfGVySLDFb
3bH4HzoZZFq8UpZmI2AMgV;5OzQuvOzXq1wzZ5NsbjUYV
3bH4HzoZZFq8UpZmI2AMgV;16XiTUC2rQvb5lmtOm3FYY
3bH4HzoZZFq8UpZmI2AMgV;7BDbyDs5FUmnh955RABFd7
3bH4HzoZZFq8UpZmI2AMgV;0KyzXQhY2yzcb1FYCHkZc2
3bH4HzoZZFq8UpZmI2AMgV;0WOvSEVpUGkNufX0w0M06F
3bH4HzoZZFq8UpZmI2AMgV;2s1AhFYnZAtSU5rk4lvwB7
3bH4HzoZZFq8UpZmI2AMgV;2nGFzvICaeEWjIrBrL2RAx
3bH4HzoZZFq8UpZmI2AMgV;7oekneJCJO74ycdLzdk16v
3bH4HzoZZFq8UpZmI2AMgV;06JmNnH3iXKENNRKifqu0v
3bH4HzoZZFq8UpZmI2AMgV;1LQbtlKrg07t4drkGWiypj
3bH4HzoZZFq8UpZmI2AMgV;0q59zQZgCwEhwzzipPvWoZ
3bH4HzoZZFq8UpZmI2AMgV;5HyxLaC1c4fWXRtO5VT5x1
3bH4HzoZZFq8UpZmI2AMgV;2mj7x99sNUsVHPBRK51zlG
3bH4HzoZZFq8UpZmI2AMgV;41yIvlFgvGwxq8qTqAR7eG
3bH4HzoZZFq8UpZmI2AMgV;4yZYolqyUgoGxSCoKZuYjN
3bH4HzoZZFq8UpZmI2AMgV;4b1hVHiZrltoXPDskF0mCp
3bH4HzoZZFq8UpZmI2AMgV;5ddXMXmXZ2FN4iliTG20nO
3bH4HzoZZFq8UpZmI2AMgV;0nMqu5vN44GNv8UOQxmBJK
3bH4HzoZZFq8UpZmI2AMgV;53jbdPQBaH6WaQvW0zmGBs
5YAhKEMTGMh6SxTSYcUJl6;1BnGi82QqhxVOAQFk80C1K
5YAhKEMTGMh6SxTSYcUJl6;3QaM3srTDYXfPKmBf9ZYMU
5YAhKEMTGMh6SxTSYcUJl6;3WtB2who5tPeyzpe2rAoPk
5YAhKEMTGMh6SxTSYcUJl6;2YacpExEbX9tF8IbFlFOo4
5YAhKEMTGMh6SxTSYcUJl6;0wi8l8td4g1AqsiLGvMzbi
5YAhKEMTGMh6SxTSYcUJl6;2LWMF10STZqYY9a3YqBiOG
5YAhKEMTGMh6SxTSYcUJl6;3xqxETvPg43KWP0HOGiOmu
5YAhKEMTGMh6SxTSYcUJl6;4dyx5SzxPPaD8xQIid5Wjj
5YAhKEMTGMh6SxTSYcUJl6;6L0BBPYeWnaQJeDa0ox0IA
5YAhKEMTGMh6SxTSYcUJl6;38ydcsbayM4oX21Hhu84DT
5YAhKEMTGMh6SxTSYcUJl6;5GbVzc6Ex5LYlLJqzRQhuy
5YAhKEMTGMh6SxTSYcUJl6;5d8CreUdJvZejvTUo1IHLw
5YAhKEMTGMh6SxTSYcUJl6;6kLqKntp2x4QVXHwqLHMYm
5YAhKEMTGMh6SxTSYcUJl6;2CG6feguaKMR3C4zCMjDNR
5YAhKEMTGMh6SxTSYcUJl6;6OwwTVRndoy9aoDxsmrteR
5YAhKEMTGMh6SxTSYcUJl6;3NydbOD4fUeTNJj4OobVmB
5YAhKEMTGMh6SxTSYcUJl6;1b8Zlu3aMVxEbyeospYPrK
5YAhKEMTGMh6SxTSYcUJl6;1Dn2JTClxWkhWTy2vM1ILu
5YAhKEMTGMh6SxTSYcUJl6;1NX9bhvO21dLDHtfmFJp80
5YAhKEMTGMh6SxTSYcUJl6;3ghgwo0BTPm329zGMQRfn7
5YAhKEMTGMh6SxTSYcUJl6;6kVauIy0iOT2u1Gs8TBIqJ
5YAhKEMTGMh6SxTSYcUJl6;4BBcOpOx4K5udUBjWKL0HG
5YAhKEMTGMh6SxTSYcUJl6;2f6qgVFmSjcctrcd6VxxGJ
5YAhKEMTGMh6SxTSYcUJl6;4r7iDEGdW2Gw9hJlCbi5qL
5YAhKEMTGMh6SxTSYcUJl6;51xBgzcyzojRpqFW2ICQAB
5YAhKEMTGMh6SxTSYcUJl6;4bDxBc8tCtokjcIkSNYd0a
5YAhKEMTGMh6SxTSYcUJl6;305tGJy16yTTFe6Ya9nMKJ
5YAhKEMTGMh6SxTSYcUJl6;3X8gOyVXP93Tslnz9Bxw24
5YAhKEMTGMh6SxTSYcUJl6;7LSQYhyOhooiBpDva8AJaC
5YAhKEMTGMh6SxTSYcUJl6;0IY6RqIVuJYYdANru7ujDH
5YAhKEMTGMh6SxTSYcUJl6;3tchJ8gDgMdaSxpaLxlr1F
5YAhKEMTGMh6SxTSYcUJl6;3j5DVpcCELigVZrmwGOw3X
5YAhKEMTGMh6SxTSYcUJl6;2AZmlhK1ssultfpYk3EIEH
5YAhKEMTGMh6SxTSYcUJl6;7zVfEu1dEvRw4EkWoqrBkx
5YAhKEMTGMh6SxTSYcUJl6;55gISxV37mffOW2DbSskT3
5YAhKEMTGMh6SxTSYcUJl6;6BUTNN55unuERHJmH26446
5YAhKEMTGMh6SxTSYcUJl6;05lBuZWQ2OhQuzoCSIkvUF
5YAhKEMTGMh6SxTSYcUJl6;5FFQbvn7055P1DvgJDdCBP
5YAhKEMTGMh6SxTSYcUJl6;7yP9PPNZQrq1TE0XNpswJA
5YAhKEMTGMh6SxTSYcUJl6;5TWbvxATFAsm6thntztp5K
5YAhKEMTGMh6SxTSYcUJl6;507TINZlRErs2JJ1n1CG7Q
5YAhKEMTGMh6SxTSYcUJl6;0iTpQYzJnYgh7kIxyq8A2O
5YAhKEMTGMh6SxTSYcUJl6;7rbCL7W893Zonbfnevku5s
5YAhKEMTGMh6SxTSYcUJl6;3jha8ASOaMT5lKZf7hOygG
5YAhKEMTGMh6SxTSYcUJl6;31eiP5b7wZUAZRvKKt8rNe
5YAhKEMTGMh6SxTSYcUJl6;4UP2cLNgUjPzCHKS92pp2U
5YAhKEMTGMh6SxTSYcUJl6;2cbic3TiUENlJX91y67ARR
5YAhKEMTGMh6SxTSYcUJl6;3ma4G9BfQ3iUrrCu4i00nQ
5YAhKEMTGMh6SxTSYcUJl6;6uYglXA8uPK7KgDkC4VEzy
5YAhKEMTGMh6SxTSYcUJl6;4PMvRfhHAx5j6Bb3XsFLoq
5UCcfmuRD2N2G0fhJVk2KQ;3mDOHVY9MWZOTODSNF5GBj
5UCcfmuRD2N2G0fhJVk2KQ;0zwMBwxamjDA8mTvjDARCc
5UCcfmuRD2N2G0fhJVk2KQ;38llcrfX1arUqrEe0DRRzW
5UCcfmuRD2N2G0fhJVk2KQ;1CAO7hiNOxJRPW4nFv2aRO
5UCcfmuRD2N2G0fhJVk2KQ;4IU1RL4BKvFyXtbTwaHAvW
5UCcfmuRD2N2G0fhJVk2KQ;0VwTeYNjcl30DyQlt3GPe0
5UCcfmuRD2N2G0fhJVk2KQ;7dvtNWoHd3ioEBmIl0s3In
5UCcfmuRD2N2G0fhJVk2KQ;2sXtpY9mCTXnUTUSQqrXbX
5UCcfmuRD2N2G0fhJVk2KQ;4alHo6RGd0D3OUbTPExTHN
5UCcfmuRD2N2G0fhJVk2KQ;7yGR8R1HgQJeW6s3KRuyGS
5UCcfmuRD2N2G0fhJVk2KQ;3beYmUcaXJZiSZMPbsMI7p
5UCcfmuRD2N2G0fhJVk2KQ;6aqm56xP40foYBBtAWWrnY
5UCcfmuRD2N2G0fhJVk2KQ;3hgHrfMdtnLtH54HYTdNHF
5UCcfmuRD2N2G0fhJVk2KQ;3gkH5q7qT0Ex08kua0KgrN
5UCcfmuRD2N2G0fhJVk2KQ;4f4RRYN3R7glPElFjeoUnC
5UCcfmuRD2N2G0fhJVk2KQ;3NJzkMApQqAudLSgYb5Bz2
5UCcfmuRD2N2G0fhJVk2KQ;6rxUq1D3nrvJnipbtb1oMG
5UCcfmuRD2N2G0fhJVk2KQ;0cWPr2PvYTQERq88b4jGXw
5UCcfmuRD2N2G0fhJVk2KQ;0fmNiN85g1XF1NemAGY7G2
5UCcfmuRD2N2G0fhJVk2KQ;4MYb7NWLwXNDB7bYs3HeX8
5UCcfmuRD2N2G0fhJVk2KQ;3FkQN4NyCFlfn7fWzBkWCj
5UCcfmuRD2N2G0fhJVk2KQ;1d9hUvkv64Wmdu671Dydpc
5UCcfmuRD2N2G0fhJVk2KQ;5M3lcfDNGB4S0iDoP9ItcV
5UCcfmuRD2N2G0fhJVk2KQ;1qRA5BS78u3gME0loMl9AA
5UCcfmuRD2N2G0fhJVk2KQ;1JkZg3eMQTmTn93E8Yd3UL
5UCcfmuRD2N2G0fhJVk2KQ;2TSd55BFGI75LVW00mm3c2
5UCcfmuRD2N2G0fhJVk2KQ;1ZhrREyOOeFV6TxDOyiPwu
5UCcfmuRD2N2G0fhJVk2KQ;4p8QcNkaq2FQj8uGJ7HEDK
5UCcfmuRD2N2G0fhJVk2KQ;3dzW0SoVNyJTWWJimX8stj
5UCcfmuRD2N2G0fhJVk2KQ;6L5BZEcZmD6RBJnimzlyKr
5UCcfmuRD2N2G0fhJVk2KQ;7vJaNv4ItDyYXXCVRJreh6
5UCcfmuRD2N2G0fhJVk2KQ;37INimPtaAwTlT39BwobYe
5UCcfmuRD2N2G0fhJVk2KQ;4cix9zymmhisLuM56RDcB7
5UCcfmuRD2N2G0fhJVk2KQ;3OZ40egQbNWeTe0BnR2QKa
5UCcfmuRD2N2G0fhJVk2KQ;0VNzEY1G4GLqcNx5qaaTl6
5UCcfmuRD2N2G0fhJVk2KQ;1bp2IO61zbQrbWNmKKxg3f
5UCcfmuRD2N2G0fhJVk2KQ;1ynmMEK1fkyiZ6Z6F3ThEt
5UCcfmuRD2N2G0fhJVk2KQ;71mwyVnF4UkoofVD9bZjqR
5UCcfmuRD2N2G0fhJVk2KQ;5qBqBdfTEIWJwAS0Jm2F5R
5UCcfmuRD2N2G0fhJVk2KQ;3hqsBLMAqJqrhr434Z7WlA
5UCcfmuRD2N2G0fhJVk2KQ;46MX86XQqYCZRvwPpeq4Gi
5UCcfmuRD2N2G0fhJVk2KQ;2kkvB3RNRzwjFdGhaUA0tz
5UCcfmuRD2N2G0fhJVk2KQ;3z6m2FukK7Vd5xYrjOLDLR
5UCcfmuRD2N2G0fhJVk2KQ;75HYhujFXgY5ugYwT1azLC
5UCcfmuRD2N2G0fhJVk2KQ;0wb21I1NV5uVUolRXIqlJF
5UCcfmuRD2N2G0fhJVk2KQ;1Sqcqzfgv5oB2nPcVGw6cp
5UCcfmuRD2N2G0fhJVk2KQ;00qOE7OjRl0BpYiCiweZB2
5UCcfmuRD2N2G0fhJVk2KQ;4sPIIyPhVdsQeG0g3HQcjc
5UCcfmuRD2N2G0fhJVk2KQ;6UBjSnyP1O5W5ndJoO9vUk
5UCcfmuRD2N2G0fhJVk2KQ;1I7zHEdDx8Ny5RxzYPqsU2
5WJANOnDUjsifEhWbOUofz;2uXkW8uJcOIhlbUatEPLPs
5WJANOnDUjsifEhWbOUofz;5t9KYe0Fhd5cW6UYT4qP8f
5WJANOnDUjsifEhWbOUofz;7AL6qzIDHIX7pEUWrzNiIs
5WJANOnDUjsifEhWbOUofz;55LRDFmsuazr533WrtHHW9
5WJANOnDUjsifEhWbOUofz;4W8IEREeLldaSQyGXcZQ2I
5WJANOnDUjsifEhWbOUofz;2BydLQAh7CUIFvSEqAMc4x
5WJANOnDUjsifEhWbOUofz;4c4jJJoaiY21t2TyRZgdWS
5WJANOnDUjsifEhWbOUofz;6iGU74CwXuT4XVepjc9Emf
5WJANOnDUjsifEhWbOUofz;059LGQd42y87hQMHQyJGSU
5WJANOnDUjsifEhWbOUofz;0DQqzCHlPyKQXfF8uL01SI
5WJANOnDUjsifEhWbOUofz;2UOijRbR9Ym6gnegBqzpzu
5WJANOnDUjsifEhWbOUofz;3fQm5lL6UCCbWaWfffLIsv
5WJANOnDUjsifEhWbOUofz;3NiYvMjp5A3FZmP3dojS8k
5WJANOnDUjsifEhWbOUofz;3fElupNRLRJ0tbUDahPrAb
5WJANOnDUjsifEhWbOUofz;0SsYlkXxZ5vkWOTsKxMfMz
5WJANOnDUjsifEhWbOUofz;0qdQUeKVyevrbKhAo0ibxS
5WJANOnDUjsifEhWbOUofz;6jXzkgISP6UfMEEaKkxWJw
5WJANOnDUjsifEhWbOUofz;16iApoNZYaN6gbMtRRVV6B
5WJANOnDUjsifEhWbOUofz;1XxRYmDKuABtbtCozx3pA2
5WJANOnDUjsifEhWbOUofz;61UuPxxYUvacEH6SHIK3sU
5WJANOnDUjsifEhWbOUofz;7CQXyFX44CXmnuq8Bi9Dyc
5WJANOnDUjsifEhWbOUofz;4NjyI3qjCRv3XZXgcISc8E
5WJANOnDUjsifEhWbOUofz;1XuccRABkfUVB4FjSVhjL1
5WJANOnDUjsifEhWbOUofz;01JIBiK28WrG4TVANW8hJY
5WJANOnDUjsifEhWbOUofz;5m6livL7ccIS92wq16n52r
5WJANOnDUjsifEhWbOUofz;0zK545STj6P7qbFSpCK9pp
5WJANOnDUjsifEhWbOUofz;2o6sXX0llloUkaUm9DEbLY
5WJANOnDUjsifEhWbOUofz;2fx1hkMHTVdDim274rwoPa
5WJANOnDUjsifEhWbOUofz;0wZuvGn7nZbKoyKOlwZQMF
5WJANOnDUjsifEhWbOUofz;42TtgFndtWMIr0UqJl01HA
5WJANOnDUjsifEhWbOUofz;29SyMC0plk6qw8NMF7lfRL
5WJANOnDUjsifEhWbOUofz;1Ud6moTC0KyXMq1Oxfien0
5WJANOnDUjsifEhWbOUofz;6FsQrRpBLgsrFeAeiQqytm
5WJANOnDUjsifEhWbOUofz;2x0supcZhd6NEH1nem9DnR
5WJANOnDUjsifEhWbOUofz;4KhuernnobE4BzS0P1Viz8
5WJANOnDUjsifEhWbOUofz;0spSRHFS4zF4Imvz9sJcfL
5WJANOnDUjsifEhWbOUofz;4t6NQkpUmvpvLDCkl3XuwA
5WJANOnDUjsifEhWbOUofz;2HCaIYjkvWSZzaSKUoOh3d
5WJANOnDUjsifEhWbOUofz;7zmVAVcT1oho7iWJGpApkE
5WJANOnDUjsifEhWbOUofz;6H3kDe7CGoWYBabAeVWGiD
5WJANOnDUjsifEhWbOUofz;5E5HYgxGMp3BPakHGfKfIB
5WJANOnDUjsifEhWbOUofz;5qA1ZrjjVLh1cL9GZOFdNm
5WJANOnDUjsifEhWbOUofz;1xKQbqQtQWrtQS47fUJBtl
5WJANOnDUjsifEhWbOUofz;6EXOSA4BWBM1AUsXxKwYDT
5WJANOnDUjsifEhWbOUofz;5uRkew0DtfAQmv0oEYNwFF
5WJANOnDUjsifEhWbOUofz;1GLmaPfulP0BrfijohQpN5
5WJANOnDUjsifEhWbOUofz;0v1wsyUb3UplLdgcdTbUEd
5WJANOnDUjsifEhWbOUofz;76TpWFiK5YCgw1hy26DWZp
5WJANOnDUjsifEhWbOUofz;5CGpPUcUahMuLzkNK9ZgPP
5WJANOnDUjsifEhWbOUofz;5DPNLHoisZSIInV23TJ49P
5hYPcrC5DyePRtUN6iT6VC;39lnzOIUCSNaQmgBHoz7rt
5hYPcrC5DyePRtUN6iT6VC;7vYA9ET5AUqJt5pBbhKmcB
5hYPcrC5DyePRtUN6iT6VC;6ek9SiEj5a65WIs2EV7qiM
5hYPcrC5DyePRtUN6iT6VC;4R5qHNB2gdxBM2LDNaJZeO
5hYPcrC5DyePRtUN6iT6VC;76TpWFiK5YCgw1hy26DWZp
5hYPcrC5DyePRtUN6iT6VC;6ZSTinOwx5dKFYc6iYyGDn
5hYPcrC5DyePRtUN6iT6VC;4Pqzrs4o8839nRd3wcqvD0
5hYPcrC5DyePRtUN6iT6VC;3Lk77QOBVywNAVSqOPcuw2
5hYPcrC5DyePRtUN6iT6VC;5YgCmkSdGukXqK3fJlX4pQ
5hYPcrC5DyePRtUN6iT6VC;1wed13CuglKBkOnVFFzI1D
5hYPcrC5DyePRtUN6iT6VC;6oRHRkQigTzJ3KwpO3XOV6
5hYPcrC5DyePRtUN6iT6VC;3OfttbJAJNvkI4VwtZD2E7
5hYPcrC5DyePRtUN6iT6VC;5p3JunprHCxClJjOmcLV8G
5hYPcrC5DyePRtUN6iT6VC;6VltRkmJbCTqgKrTHk4Ulw
5hYPcrC5DyePRtUN6iT6VC;6V9VCm1zOY2lGR80RehJ9i
5hYPcrC5DyePRtUN6iT6VC;4NRQwaks9r58tTDvr4iEyv
5hYPcrC5DyePRtUN6iT6VC;2OARIMw1hpehr86Iwmv04c
5hYPcrC5DyePRtUN6iT6VC;0Z3xhSOhrawLV81YdiDiiJ
5hYPcrC5DyePRtUN6iT6VC;4jKq3767lb2mWKCvas6E7Z
5hYPcrC5DyePRtUN6iT6VC;1K61z11CzBUxkwOhtSzq2a
5hYPcrC5DyePRtUN6iT6VC;0q8nQ0H4ad4KYcZdrTZPux
5hYPcrC5DyePRtUN6iT6VC;3No92IR6SPRuad5RpoGz0K
5hYPcrC5DyePRtUN6iT6VC;3f0U5NaD1bCk8nmKpn2ZJY
5hYPcrC5DyePRtUN6iT6VC;7cQXdm6y9KE8n1Lw2z75Ey
5hYPcrC5DyePRtUN6iT6VC;6G3NoUqDpqD3Rgfel2pD6s
5hYPcrC5DyePRtUN6iT6VC;1WCIA0j4sJfXAj0y23XbSP
5hYPcrC5DyePRtUN6iT6VC;1ZDhJK5SZzNMY13oCG8yqE
5hYPcrC5DyePRtUN6iT6VC;51KKQAgYFoJHgVIuJWHdHb
5hYPcrC5DyePRtUN6iT6VC;42TtgFndtWMIr0UqJl01HA
5hYPcrC5DyePRtUN6iT6VC;5WUgOOaTk00PnksDekcgcg
5hYPcrC5DyePRtUN6iT6VC;0xGgv9u5VuAmFUUmWg3vbl
5hYPcrC5DyePRtUN6iT6VC;2LAkVHr0qJYJR54lSzyUyC
5hYPcrC5DyePRtUN6iT6VC;3P4uUs9X0cPw7rf37NTndV
5hYPcrC5DyePRtUN6iT6VC;0spSRHFS4zF4Imvz9sJcfL
5hYPcrC5DyePRtUN6iT6VC;0bPmvueZJ2usI59GsCH6Ix
5hYPcrC5DyePRtUN6iT6VC;7cIVAikDoNoEOjXKMWMFzZ
5hYPcrC5DyePRtUN6iT6VC;1rUdIdd1CxjqKcVzXNd0VI
5hYPcrC5DyePRtUN6iT6VC;5t9KYe0Fhd5cW6UYT4qP8f
5hYPcrC5DyePRtUN6iT6VC;29HaKOpeLSYvqdFyEQSRdj
5hYPcrC5DyePRtUN6iT6VC;6yLIqXX9edg1x0HZS7cZEv
5hYPcrC5DyePRtUN6iT6VC;31pi9vJJWHZxygk8AoGd0d
5hYPcrC5DyePRtUN6iT6VC;3CCnivgdriWwvr8KWTMg1Q
5hYPcrC5DyePRtUN6iT6VC;6e5dOtgCiKkITJxtWSuLBE
5hYPcrC5DyePRtUN6iT6VC;6lPbvFOOpN4pltOqJp7ddN
5hYPcrC5DyePRtUN6iT6VC;7jGzYUZ2Bgg8BDfYlQRfn8
5hYPcrC5DyePRtUN6iT6VC;5Sz09kaSzvpTC8lgm5W8Mt
5hYPcrC5DyePRtUN6iT6VC;3G7tRC24Uh09Hmp1KZ7LQ2
5hYPcrC5DyePRtUN6iT6VC;7vJaNv4ItDyYXXCVRJreh6
5hYPcrC5DyePRtUN6iT6VC;6hzqAmGSQv3Sb5tY0WB8RA
5hYPcrC5DyePRtUN6iT6VC;2PuUFT13yCzUOZun94WOXv
0WeqauIUZSjsupDGXsXWsP;281ioxkZbJ3p9hCvjD2bon
0WeqauIUZSjsupDGXsXWsP;5I6y1KWmUoV5YCaIEcs1qs
0WeqauIUZSjsupDGXsXWsP;2BFL0kBinCKVMCwJolJnKj
0WeqauIUZSjsupDGXsXWsP;4JvclO8lNugobD1afavcYS
0WeqauIUZSjsupDGXsXWsP;27IZXTdeGYjU6m5lTyDpmr
0WeqauIUZSjsupDGXsXWsP;05qTeP4xG8KXoRhN2HdKjS
0WeqauIUZSjsupDGXsXWsP;3LHg768dEKqJKht2uPTlVR
0WeqauIUZSjsupDGXsXWsP;0qYuQuDiUKEDa1NbnAmfBw
0WeqauIUZSjsupDGXsXWsP;2jpvd0imsQzgdoIXEBdNxj
0WeqauIUZSjsupDGXsXWsP;5mMV6EaKeZWkGFvE1xg13n
0WeqauIUZSjsupDGXsXWsP;7rbCL7W893Zonbfnevku5s
0WeqauIUZSjsupDGXsXWsP;0oLDa2suVfqJ6MJrTr1jw9
0WeqauIUZSjsupDGXsXWsP;1rPaaiIn4iPRzadUBsuLjv
0WeqauIUZSjsupDGXsXWsP;4P2I5Y9l4uPovs67LasSLQ
0WeqauIUZSjsupDGXsXWsP;09ZGF6mwJVzw5jxqbtT53E
0WeqauIUZSjsupDGXsXWsP;7zVfEu1dEvRw4EkWoqrBkx
0WeqauIUZSjsupDGXsXWsP;6OwwTVRndoy9aoDxsmrteR
0WeqauIUZSjsupDGXsXWsP;33BnSMHgX0AsbKSIbkuMwh
0WeqauIUZSjsupDGXsXWsP;7hMPR0V7cC0hln0SN2afLL
0WeqauIUZSjsupDGXsXWsP;2JKBvVjpvMSFA6dAQe3MWv
0WeqauIUZSjsupDGXsXWsP;66olzBxCgKlpFRB1LKH5pO
0WeqauIUZSjsupDGXsXWsP;55gISxV37mffOW2DbSskT3
0WeqauIUZSjsupDGXsXWsP;0IY6RqIVuJYYdANru7ujDH
0WeqauIUZSjsupDGXsXWsP;0WrRlCHmD7LzpJa8chDz2h
0WeqauIUZSjsupDGXsXWsP;2SMn57cBVxoD4TArscpovk
0WeqauIUZSjsupDGXsXWsP;70EmroIbnTnbHG4qyTB0mf
0WeqauIUZSjsupDGXsXWsP;3XZN4wXwG2o0OadHWExzPr
0WeqauIUZSjsupDGXsXWsP;2hNvu4bGZFOoop3PbornV2
0WeqauIUZSjsupDGXsXWsP;54KFQB6N4pn926IUUYZGzK
0WeqauIUZSjsupDGXsXWsP;0ksC7In0ixceusxlDtQHLO
0WeqauIUZSjsupDGXsXWsP;01Q55Xv60Gr56abx5ad5vK
0WeqauIUZSjsupDGXsXWsP;1HijbdW9y2iFPhFs6zfemU
0WeqauIUZSjsupDGXsXWsP;3403qFGo7u2ptUyJbdEkjI
0WeqauIUZSjsupDGXsXWsP;1lvs1UC4nE3F8ZizzGUGYX
0WeqauIUZSjsupDGXsXWsP;2xYIBDUd1ftJTzXkUVgy6C
0WeqauIUZSjsupDGXsXWsP;6DXFVsLcEvOTSrkG9G1Cb1
0WeqauIUZSjsupDGXsXWsP;6o1nYsoWYTanzUdHidFDg8
0WeqauIUZSjsupDGXsXWsP;2VcAgFuGEly1AYUEvHzy0w
0WeqauIUZSjsupDGXsXWsP;0xjkgYSzHjBZNvyUaC9cXX
0WeqauIUZSjsupDGXsXWsP;5397UpyFdp4FSPE8xAZHHx
0WeqauIUZSjsupDGXsXWsP;4BLXtLRfhp6GFT9M6aa4Kd
0WeqauIUZSjsupDGXsXWsP;3nPDk5t9sc0Wi5b8EjaRbq
0WeqauIUZSjsupDGXsXWsP;6y468DyY1V67RBNCwzrMrC
0WeqauIUZSjsupDGXsXWsP;5kZD0TTSYAgRzciBtKCmgT
0WeqauIUZSjsupDGXsXWsP;2uhEKg8kIzpdvz4gyy6x8W
0WeqauIUZSjsupDGXsXWsP;1lUdXbhl6u6QMQZRTAhlWW
0WeqauIUZSjsupDGXsXWsP;6aUAF8JOd8zEl41B6I18xL
0WeqauIUZSjsupDGXsXWsP;44X8rjgnXIJzWkOV5PT0aJ
0WeqauIUZSjsupDGXsXWsP;7qUoDTmVj07qUf6ZBDhWKl
0WeqauIUZSjsupDGXsXWsP;6CAG3rBGPTAinoqgVD7fBJ
5EYi2rH4LYs6M21ZLOyQTx;0ZK8TGOsngrstVPsnrHbK1
5EYi2rH4LYs6M21ZLOyQTx;0IajnzlicUA89rZSkqfLPS
5EYi2rH4LYs6M21ZLOyQTx;1OqbX2MZ6ZzWP7HjMHbdkp
5EYi2rH4LYs6M21ZLOyQTx;0rzWENXdfcLTgyt5DByGTy
5EYi2rH4LYs6M21ZLOyQTx;5mIOsPuQdXchVY0jB5NO9Q
5EYi2rH4LYs6M21ZLOyQTx;02CygBCQOIyEuhNZqHHcNx
5EYi2rH4LYs6M21ZLOyQTx;3iFYY09Z5yoNy1QnJBt4AR
5EYi2rH4LYs6M21ZLOyQTx;0dEhydwCE5Og4PLKyjfqMR
5EYi2rH4LYs6M21ZLOyQTx;4x0pNOZ5r6kJMjsvsoliBm
5EYi2rH4LYs6M21ZLOyQTx;6VCeywT4JeawuZOUkQ1okx
5EYi2rH4LYs6M21ZLOyQTx;2ySRRtrAwDUF4FipiF1Djt
5EYi2rH4LYs6M21ZLOyQTx;5dmPNuHmRRJuHmJTDa7NuJ
5EYi2rH4LYs6M21ZLOyQTx;7eqoqGkKwgOaWNNHx90uEZ
5EYi2rH4LYs6M21ZLOyQTx;0Eqg0CQ7bK3RQIMPw1A7pl
5EYi2rH4LYs6M21ZLOyQTx;1k2evZFY2y8sl6A9zVtwiK
5EYi2rH4LYs6M21ZLOyQTx;3woRy7uxzl1lO2XO99oHsN
5EYi2rH4LYs6M21ZLOyQTx;7cWyFwAaxdK2HSRuiRkMjy
5EYi2rH4LYs6M21ZLOyQTx;5NhlpQ6BOIz3S5welptk1W
5EYi2rH4LYs6M21ZLOyQTx;1BYZxKSf0aTxp8ZFoeyM3d
5EYi2rH4LYs6M21ZLOyQTx;7hpJ9tATWb2vztlq99hERP
5EYi2rH4LYs6M21ZLOyQTx;5RxpYHVbGJPOvSEATQyg9P
5EYi2rH4LYs6M21ZLOyQTx;57RA3JGafJm5zRtKJiKPIm
5EYi2rH4LYs6M21ZLOyQTx;53jbdPQBaH6WaQvW0zmGBs
5EYi2rH4LYs6M21ZLOyQTx;4qkwbl6SxwLE09pxLAFINt
5EYi2rH4LYs6M21ZLOyQTx;2pyjbGTpJCPjMYwCbdymiF
5EYi2rH4LYs6M21ZLOyQTx;6iCJCZqDJjmBxt07Oid6FI
5EYi2rH4LYs6M21ZLOyQTx;3xaQiq1PpJfLO4KRly44BL
5EYi2rH4LYs6M21ZLOyQTx;0nMqu5vN44GNv8UOQxmBJK
5EYi2rH4LYs6M21ZLOyQTx;5uIRujGRZv5t4fGKkUTv4n
5EYi2rH4LYs6M21ZLOyQTx;6AxRGtu8gdKPeynxdHsmzC
5EYi2rH4LYs6M21ZLOyQTx;32xx0fAv3CIeGmNaWTHvEF
5EYi2rH4LYs6M21ZLOyQTx;3AbV3JF0bJAZXeHEJZfpke
5EYi2rH4LYs6M21ZLOyQTx;7vfaRUaFBDwENwa3tzJY64
5EYi2rH4LYs6M21ZLOyQTx;2awExtNBABpwOFC78XViJd
5EYi2rH4LYs6M21ZLOyQTx;4qAHuJq5T4Q97EQZG47H0P
5EYi2rH4LYs6M21ZLOyQTx;3TgMcrV32NUKjEG2ujn9eh
5EYi2rH4LYs6M21ZLOyQTx;1olz3HctPa2yXmSniaCNLN
5EYi2rH4LYs6M21ZLOyQTx;7Cu2COdH93MnuireuKNiS3
5EYi2rH4LYs6M21ZLOyQTx;0zePbRMJ9sd7wsZRlbPQua
5EYi2rH4LYs6M21ZLOyQTx;4xgtWOWGwxehDX8S21di2K
5EYi2rH4LYs6M21ZLOyQTx;1F1QmI8TMHir9SUFrooq5F
5EYi2rH4LYs6M21ZLOyQTx;48XkVAagIoQHCsOlJtXUd5
5EYi2rH4LYs6M21ZLOyQTx;6olfAuiqOGpkQLo4i5A7nd
5EYi2rH4LYs6M21ZLOyQTx;3pJJmtKV0ULcMJkx8xmYgP
5EYi2rH4LYs6M21ZLOyQTx;6Jl3ZOX6MUOlyoUc721bsX
5EYi2rH4LYs6M21ZLOyQTx;1ydOxBgLmEMfWffu6t4H5x
5EYi2rH4LYs6M21ZLOyQTx;0cOeKSEXxtvLRzwCL9O3gn
5EYi2rH4LYs6M21ZLOyQTx;5hM5arv9KDbCHS0k9uqwjr
5EYi2rH4LYs6M21ZLOyQTx;0aMHIW1lqrulVCx0LLlr6a
5EYi2rH4LYs6M21ZLOyQTx;66dQdXAbtuPdSasezCQVZE
6XXxkAAmnrc1LI0HMP4tOj;4TOMI010Sd4ZAX4aZ5TS85
6XXxkAAmnrc1LI0HMP4tOj;14XWXWv5FoCbFzLksawpEe
6XXxkAAmnrc1LI0HMP4tOj;6tsojOQ5wHaIjKqIryLZK6
6XXxkAAmnrc1LI0HMP4tOj;6FJFopt2OciePAHVkLqu25
6XXxkAAmnrc1LI0HMP4tOj;1XPta4VLT78HQnVFd1hlsK
6XXxkAAmnrc1LI0HMP4tOj;7mQgJx5mfCuI6o8elrYCKg
6XXxkAAmnrc1LI0HMP4tOj;3XBPCbTU9rSGuyuK7Xbj4B
6XXxkAAmnrc1LI0HMP4tOj;2jflTXeLsIllLlAoZcIbX5
6XXxkAAmnrc1LI0HMP4tOj;2pcwmk8c1pTYwX0COSVX52
6XXxkAAmnrc1LI0HMP4tOj;0ntQJM78wzOLVeCUAW7Y45
6XXxkAAmnrc1LI0HMP4tOj;1WWgMk8nD79p8VeKFGYrOw
6XXxkAAmnrc1LI0HMP4tOj;76Q9wf2sC4BQbg6AdvLHvJ
6XXxkAAmnrc1LI0HMP4tOj;2aC8wwfrM0YeTAzzk8hxqC
6XXxkAAmnrc1LI0HMP4tOj;78tAP5CKvrqiQRSviMSlBU
6XXxkAAmnrc1LI0HMP4tOj;5WyuRWUcOOhAic0tj9Pl28
6XXxkAAmnrc1LI0HMP4tOj;6mxEhHQUJfafR2brhU7Rak
6XXxkAAmnrc1LI0HMP4tOj;2nTsKOXIVGDf2iPeVQO2Gm
6XXxkAAmnrc1LI0HMP4tOj;6ceMd7uReviLXKj4Z2hFP8
6XXxkAAmnrc1LI0HMP4tOj;5UWwZ5lm5PKu6eKsHAGxOk
6XXxkAAmnrc1LI0HMP4tOj;5by3w3NXvwDpV9FBSOR35u
6XXxkAAmnrc1LI0HMP4tOj;0DQqzCHlPyKQXfF8uL01SI
6XXxkAAmnrc1LI0HMP4tOj;15e3sz0HdP1TXxSdZV7bQc
6XXxkAAmnrc1LI0HMP4tOj;7bu0znpSbTks0O6I98ij0W
6XXxkAAmnrc1LI0HMP4tOj;0TzCim4sBQZ9N0AAG25lOM
6XXxkAAmnrc1LI0HMP4tOj;2uXkW8uJcOIhlbUatEPLPs
6XXxkAAmnrc1LI0HMP4tOj;3M5Qsg8Iq8fuGTVhzp2Fr0
6XXxkAAmnrc1LI0HMP4tOj;40VBtCOWsb3CadLYsATgxP
6XXxkAAmnrc1LI0HMP4tOj;48mJX8glOrQkrSdVBjc0Wb
6XXxkAAmnrc1LI0HMP4tOj;2nQmWhZWggVGkfZnzodGeO
6XXxkAAmnrc1LI0HMP4tOj;03wn5kP9qGwFHz2hpP2GrY
6XXxkAAmnrc1LI0HMP4tOj;1RwDsaft1szD0FO3DVEtaT
6XXxkAAmnrc1LI0HMP4tOj;1FTSo4v6BOZH9QxKc3MbVM
6XXxkAAmnrc1LI0HMP4tOj;6q4ThAeQ0Kcq67BTBRb3mn
6XXxkAAmnrc1LI0HMP4tOj;3KsatAMRt1a7iryhWt5I8U
6XXxkAAmnrc1LI0HMP4tOj;0Ln5tJyLX5qusquBOtq7wf
6XXxkAAmnrc1LI0HMP4tOj;0It6VJoMAare1zdV2wxqZq
6XXxkAAmnrc1LI0HMP4tOj;75D3n6wnFQmu1HVmLAlWM4
6XXxkAAmnrc1LI0HMP4tOj;59WN2psjkt1tyaxjspN8fp
6XXxkAAmnrc1LI0HMP4tOj;29engDqjmMr3VLqMm0c0WE
6XXxkAAmnrc1LI0HMP4tOj;0cKk8BKEi7zXbdrYdyqBP5
6XXxkAAmnrc1LI0HMP4tOj;5PntSbMHC1ud6Vvl8x56qd
6XXxkAAmnrc1LI0HMP4tOj;3q6BJcC0i7UyM8oWn6ntRQ
6XXxkAAmnrc1LI0HMP4tOj;04e1VQ69ll2TR5Jp8F2n5B
6XXxkAAmnrc1LI0HMP4tOj;7Dg4LyZxXZ7yKPTRZXmaBj
6XXxkAAmnrc1LI0HMP4tOj;5gz38AxRkD6Ywxd4fr2pLj
6XXxkAAmnrc1LI0HMP4tOj;2Xr4sbL2Rsd0V3bM8dMksb
6XXxkAAmnrc1LI0HMP4tOj;1G1YJPV7THViQfOM9Gug7R
6XXxkAAmnrc1LI0HMP4tOj;3N6EcZHc12nFKJXfdJxTqN
6XXxkAAmnrc1LI0HMP4tOj;7hpFYWL3cw5m4y70cce7Zb
6XXxkAAmnrc1LI0HMP4tOj;28rNyM2CKtOb4PYmsulQhF
7aZOAs693mRDi3GLoOH2Yq;0Y1fueUFu8jQtUxdUmOojf
7aZOAs693mRDi3GLoOH2Yq;0YcAWPUwih5MrIlD90oiNu
7aZOAs693mRDi3GLoOH2Yq;453spNn4mGdYErYt3rGhSX
7aZOAs693mRDi3GLoOH2Yq;4KmylOc7EVRfTfy6OImJPX
7aZOAs693mRDi3GLoOH2Yq;4zD32nlNgTMcIxaxAIti1P
7aZOAs693mRDi3GLoOH2Yq;2Vy7B6YpJHfqSzMmheUfvy
7aZOAs693mRDi3GLoOH2Yq;6dw77SiVkP3HurqIYE7twQ
7aZOAs693mRDi3GLoOH2Yq;1fFwKjaOXFRZ38wt9sOHEb
7aZOAs693mRDi3GLoOH2Yq;3aVy0GBb99mhVH4Kpxnnnp
7aZOAs693mRDi3GLoOH2Yq;3SCDpe3QWlLSg5oJjqN25Q
7aZOAs693mRDi3GLoOH2Yq;6LxcPUqx6noURdA5qc4BAT
7aZOAs693mRDi3GLoOH2Yq;6Hm8qbvIicqaQmAWyevlda
7aZOAs693mRDi3GLoOH2Yq;3yBEgAtnC8IZJFK4rYp6ow
7aZOAs693mRDi3GLoOH2Yq;2sgbm2X8Ye9YIzvEUFGoar
7aZOAs693mRDi3GLoOH2Yq;193ZaXTaD0dPz66pUYS3SQ
7aZOAs693mRDi3GLoOH2Yq;0MtVmhAx6CxNuxFIUc6Mj9
7aZOAs693mRDi3GLoOH2Yq;3q6BJcC0i7UyM8oWn6ntRQ
7aZOAs693mRDi3GLoOH2Yq;6BTbkK77y1FAKgEyKN4wmU
7aZOAs693mRDi3GLoOH2Yq;5UxJZ4bAva9wi19szFiddW
7aZOAs693mRDi3GLoOH2Yq;4ek3pPdfvIbPxynmlisI0k
7aZOAs693mRDi3GLoOH2Yq;01OXa5tVuCssU6j8TY7kxr
7aZOAs693mRDi3GLoOH2Yq;0HV0DzBkuBpQeZOXHpcEKV
7aZOAs693mRDi3GLoOH2Yq;3l9eg9RtisizG12a1D6nZl
7aZOAs693mRDi3GLoOH2Yq;28rE6XLdOkbdcfJ9ZK27Al
7aZOAs693mRDi3GLoOH2Yq;5MW6iO58sgWMxutTfuUMe0
7aZOAs693mRDi3GLoOH2Yq;7y1lQdhDvIUcA9QyG1zlqZ
7aZOAs693mRDi3GLoOH2Yq;4TIONK6tnZWlNl5HdKpWby
7aZOAs693mRDi3GLoOH2Yq;281ioxkZbJ3p9hCvjD2bon
7aZOAs693mRDi3GLoOH2Yq;5FdCinAy3O1jbqC3aMIxA0
7aZOAs693mRDi3GLoOH2Yq;2RSTocJ5sMub2icfNa3OlY
7aZOAs693mRDi3GLoOH2Yq;2EbL9RN1CpNav0UzTQVRdm
7aZOAs693mRDi3GLoOH2Yq;4JvclO8lNugobD1afavcYS
7aZOAs693mRDi3GLoOH2Yq;6xAkw3agzQHtKxr4Hxy6UX
7aZOAs693mRDi3GLoOH2Yq;5D96hxkIgJEoHXLUp7nQS4
7aZOAs693mRDi3GLoOH2Yq;0eR4XTxrSePsQqijLNBzVd
7aZOAs693mRDi3GLoOH2Yq;6CAG3rBGPTAinoqgVD7fBJ
7aZOAs693mRDi3GLoOH2Yq;04XeEuHyG4Z3NKY1zgAYEO
7aZOAs693mRDi3GLoOH2Yq;0ZRmhs9YjaMmj5QGCw0lDe
7aZOAs693mRDi3GLoOH2Yq;6sNT5PF1SjTYgMiAIQGYMd
7aZOAs693mRDi3GLoOH2Yq;1239baQ1b9cD0RRv5Jy9Sb
7aZOAs693mRDi3GLoOH2Yq;4r7iDEGdW2Gw9hJlCbi5qL
7aZOAs693mRDi3GLoOH2Yq;4HJHImA3zefL8uhhs3F8QN
7aZOAs693mRDi3GLoOH2Yq;4ftYIbHbKSVZWyrveFHCNu
7aZOAs693mRDi3GLoOH2Yq;3Xpbz0FIYr7FzBpN8Df2b6
7aZOAs693mRDi3GLoOH2Yq;3YNJqxG1ktPPZMQUVqdyyU
7aZOAs693mRDi3GLoOH2Yq;0E9vvI2kGtr8TUW2kJmGX4
7aZOAs693mRDi3GLoOH2Yq;4PxzGOH79jcmmldKgoI9sB
7aZOAs693mRDi3GLoOH2Yq;1ZVaf194CeE7eBItAVEUCj
7aZOAs693mRDi3GLoOH2Yq;0qYuQuDiUKEDa1NbnAmfBw
7aZOAs693mRDi3GLoOH2Yq;6mPpHS9ocuKjsehu8NgD7r
0Dx2JcexaaBU11URKp9Fc1;5sK6OQOckdCY2Q1tgBQz11
0Dx2JcexaaBU11URKp9Fc1;2OJQBsgmB18vFPuzdTrMZQ
0Dx2JcexaaBU11URKp9Fc1;3Jl6WHQ5cXbSM1yZXay6XN
0Dx2JcexaaBU11URKp9Fc1;4OH9hUaddcAvSwXRUy82EY
0Dx2JcexaaBU11URKp9Fc1;260V7huyJrXnyYe0dFv2Fa
0Dx2JcexaaBU11URKp9Fc1;2LD2gT7gwAurzdQDQtILds
0Dx2JcexaaBU11URKp9Fc1;1hV6W2Rxoi80IvcdOKD1hq
0Dx2JcexaaBU11URKp9Fc1;38rMZCtAPuRgOuV3pyFDmF
0Dx2JcexaaBU11URKp9Fc1;1UglHGkDf43W58XZKdnqbE
0Dx2JcexaaBU11URKp9Fc1;62rdXmsHYtkSTvR90aU8wq
0Dx2JcexaaBU11URKp9Fc1;1alqVpvDH6ogtLQtsjHBKu
0Dx2JcexaaBU11URKp9Fc1;0Y30sCKxtNQ2MRpl00aA03
0Dx2JcexaaBU11URKp9Fc1;3XOKU8CKSiQsuQHD5vhzo5
0Dx2JcexaaBU11URKp9Fc1;7mhsxGnDd4Hjz7g5luuCd8
0Dx2JcexaaBU11URKp9Fc1;3mv6TYbXOfJV6Nuy58xtJH
0Dx2JcexaaBU11URKp9Fc1;2dngx6srtqsxvyh7oGV8FM
0Dx2JcexaaBU11URKp9Fc1;0PIQF15Jp7HwouZPLqPj8b
0Dx2JcexaaBU11URKp9Fc1;6Ezq2E4GBd3wg1LnekB8Pv
0Dx2JcexaaBU11URKp9Fc1;05bUAkDRK3xzvVkZlGU6ee
0Dx2JcexaaBU11URKp9Fc1;2PAn8J9dbmSnR4fLjpgehC
0Dx2JcexaaBU11URKp9Fc1;5gtuTd7og1AADSAa2oYy3m
0Dx2JcexaaBU11URKp9Fc1;13QZb2ua0JY2VJU9wG4PmQ
0Dx2JcexaaBU11URKp9Fc1;6v9z6bMUbflgU45QrtCBcs
0Dx2JcexaaBU11URKp9Fc1;6KLcIhlMdXwS5rIFjPbxyg
0Dx2JcexaaBU11URKp9Fc1;3DXJaOI3mI10QkPhRu3r2p
0Dx2JcexaaBU11URKp9Fc1;234dLVEPstzggXOcqyLbFD
0Dx2JcexaaBU11URKp9Fc1;1D71evI7Ii9G4CXl5z8miv
0Dx2JcexaaBU11URKp9Fc1;305tGJy16yTTFe6Ya9nMKJ
0Dx2JcexaaBU11URKp9Fc1;7srBwlZQAFAPQUSXDQKF3g
0Dx2JcexaaBU11URKp9Fc1;2cCp73yCq8k3jWJVi4apY9
0Dx2JcexaaBU11URKp9Fc1;59TyenU5GsKLSLsALDxbIQ
0Dx2JcexaaBU11URKp9Fc1;2g1CtLejNZVbmFjX9CUki6
0Dx2JcexaaBU11URKp9Fc1;2GuIRSthEpYN5MO6PGD7Vx
0Dx2JcexaaBU11URKp9Fc1;3H08m6y1iSY4TKdDrYdfYp
0Dx2JcexaaBU11URKp9Fc1;566xn0oyl6UQhDRTJPTbf9
0Dx2JcexaaBU11URKp9Fc1;305TRFmnHsbC0Eno5ZUi9y
0Dx2JcexaaBU11URKp9Fc1;7FeeQVg6yID8laNUH0LlX8
0Dx2JcexaaBU11URKp9Fc1;6o8ZQJ4VJmBW3gEwCK75ce
0Dx2JcexaaBU11URKp9Fc1;0VDVE8cHzTCy9EFKPVbAAR
0Dx2JcexaaBU11URKp9Fc1;4vh6Rn6FVG4w79JmlZ5p7d
0Dx2JcexaaBU11URKp9Fc1;1EtSXJn3waVNe5SqV4Kuxk
0Dx2JcexaaBU11URKp9Fc1;3f3HHRPF5vAo90GwdpDMaQ
0Dx2JcexaaBU11URKp9Fc1;1s2oewEkFG9eF9Mq7MyvCV
0Dx2JcexaaBU11URKp9Fc1;0rdWkO7ncrh1lrJGDmLq9L
0Dx2JcexaaBU11URKp9Fc1;5C5Fle0gDOcUchmj4RgVH5
0Dx2JcexaaBU11URKp9Fc1;0itnOxZv0jVH0E6PaV02RR
0Dx2JcexaaBU11URKp9Fc1;4F62nwDxc5HD8qcg4cTQev
0Dx2JcexaaBU11URKp9Fc1;6U5hUX40OWY6l0HaPUWElZ
0Dx2JcexaaBU11URKp9Fc1;2OPmeyf31LlcIpYcJ4aegt
0Dx2JcexaaBU11URKp9Fc1;4wvj3LqF8EqGxoNc1FIbHr
7BIOdfLxSJFojijMoozRYU;2urtrT0VdrBLvlHNbuzVWU
7BIOdfLxSJFojijMoozRYU;0kwpRebi4i1eDbT8QMrMfC
7BIOdfLxSJFojijMoozRYU;3crUAKD7hYVLdKXHq4vbHj
7BIOdfLxSJFojijMoozRYU;22MkHexoimcKYiKMkT99mJ
7BIOdfLxSJFojijMoozRYU;4JB2hhzlbuHwntOADdIW10
7BIOdfLxSJFojijMoozRYU;0oUhuLq2thghbpUkDMF3NQ
7BIOdfLxSJFojijMoozRYU;1eUvaf8Z4P2kU6flnFIzzD
7BIOdfLxSJFojijMoozRYU;56Ci6SbCTamFc8yUSCdYh0
7BIOdfLxSJFojijMoozRYU;2SKZxjniHyCAWNcue1j4lj
7BIOdfLxSJFojijMoozRYU;7zNESZWVTheUIGDI9KMJV6
7BIOdfLxSJFojijMoozRYU;6WQvxEX03NX40LyJymIOIM
7BIOdfLxSJFojijMoozRYU;1iIR0Zy8rIyTY9ps0PuMLi
7BIOdfLxSJFojijMoozRYU;7KZBUzZBtkeTtGWeTelYfO
7BIOdfLxSJFojijMoozRYU;1cVoEI9zKLytNGNGM1MVUT
7BIOdfLxSJFojijMoozRYU;27cygxzM1B7SsVgAxdH6pX
7BIOdfLxSJFojijMoozRYU;07gqJjvwwuZ1assFLKbiNn
7BIOdfLxSJFojijMoozRYU;2haSbRfVqtuZNuhyC2ZgNV
7BIOdfLxSJFojijMoozRYU;18nZKLSzod0avci3LDix4E
7BIOdfLxSJFojijMoozRYU;4rOb9jitYBnMryTt2eamCa
7BIOdfLxSJFojijMoozRYU;176qKSycRctoec8veZAcH5
7BIOdfLxSJFojijMoozRYU;2wh5EYawkVfeni9RA8NKzN
7BIOdfLxSJFojijMoozRYU;1Xlq9bGtv3aeCcEoFrRukR
7BIOdfLxSJFojijMoozRYU;7rfuPokgBy4rHMszmTUJxq
7BIOdfLxSJFojijMoozRYU;7oFHdvBrpgUhMR5gFLLazG
7BIOdfLxSJFojijMoozRYU;6xAF4vDcbYteBpjnTOUsLC
7BIOdfLxSJFojijMoozRYU;4ayeOL7p1zWeKyB84C1oJn
7BIOdfLxSJFojijMoozRYU;5eQxML6gZi4oX3QW0PjYRS
7BIOdfLxSJFojijMoozRYU;0SkIl3O2MVuY0bLiHQ72gi
7BIOdfLxSJFojijMoozRYU;3qiXw1CqLWElUY3eo2BIu7
7BIOdfLxSJFojijMoozRYU;1Pe5xZDOWu3UgGSwB0OyRn
7BIOdfLxSJFojijMoozRYU;1T14XfuPXkltYZ1YoxqQac
7BIOdfLxSJFojijMoozRYU;0VRPC4dRYBkx8FAx7aJ2Zf
7BIOdfLxSJFojijMoozRYU;7jhrugFhPRPR5OIbUAGiKk
7BIOdfLxSJFojijMoozRYU;3UNnTEulVxotjEHEpbIo6H
7BIOdfLxSJFojijMoozRYU;2aoGGs10SIjwkknKeACT8u
7BIOdfLxSJFojijMoozRYU;5EKU6sDDtd4zjClRx7nBqI
7BIOdfLxSJFojijMoozRYU;1UV9SgZuMXau9iAj9e2ZTt
7BIOdfLxSJFojijMoozRYU;3LV9POj9vwpbpSBOqwNVQ7
7BIOdfLxSJFojijMoozRYU;0oOVCjcqIe3H925RGLoeQF
7BIOdfLxSJFojijMoozRYU;5SIXxTga8ha5gKOV1CSScm
7BIOdfLxSJFojijMoozRYU;0AFnun7VGhmEzDtU7oC9Fg
7BIOdfLxSJFojijMoozRYU;3lad1uwRtBcTr3ZcWeeGQz
7BIOdfLxSJFojijMoozRYU;41LUI2mXScZDjIZWmvvWpR
7BIOdfLxSJFojijMoozRYU;2HDcXOuaCELeIYdw2kYmDa
7BIOdfLxSJFojijMoozRYU;1Nng1MHuuWFqDiYd4Fh4Yh
7BIOdfLxSJFojijMoozRYU;006SZNdXRgV3JmAKUY9Uzl
7BIOdfLxSJFojijMoozRYU;21ePCVWVHp4aJZlSl6vest
7BIOdfLxSJFojijMoozRYU;5W0j7P73UBuiRvExwNVbYc
7BIOdfLxSJFojijMoozRYU;6SFDHMZrZLz3gA6fAQhiA4
7BIOdfLxSJFojijMoozRYU;7hqk9MiRQYdACrdK8mphNj
7u8LNgkrmUXGT6JEwiy8Ia;2Yg4GGGKqGwoqM5OgdhpAj
7u8LNgkrmUXGT6JEwiy8Ia;1ko2lVN0vKGUl9zrU0qSlT
7u8LNgkrmUXGT6JEwiy8Ia;48D177fBErMz5p4zeAW1N5
7u8LNgkrmUXGT6JEwiy8Ia;5G4W4UzaJIpYl0ar95Cs17
7u8LNgkrmUXGT6JEwiy8Ia;51KKQAgYFoJHgVIuJWHdHb
7u8LNgkrmUXGT6JEwiy8Ia;3qligHT0ZCI1a9MoCcIjwP
7u8LNgkrmUXGT6JEwiy8Ia;13toFl1UwJPsRxDiD9jgtn
7u8LNgkrmUXGT6JEwiy8Ia;1HdNTlZrGTlgxDn31GB6Sv
7u8LNgkrmUXGT6JEwiy8Ia;1OppEieGNdItZbE14gLBEv
7u8LNgkrmUXGT6JEwiy8Ia;51FpzuGkRYXFgsE2zXt9av
7u8LNgkrmUXGT6JEwiy8Ia;6LzjgzpVl0hB3YrBU1b8Z1
7u8LNgkrmUXGT6JEwiy8Ia;2uTGX4wxnRGS3i0FSOMGCQ
7u8LNgkrmUXGT6JEwiy8Ia;5hONBZtygw6bwJMA8oTQI9
7u8LNgkrmUXGT6JEwiy8Ia;0qxYx4F3vm1AOnfux6dDxP
7u8LNgkrmUXGT6JEwiy8Ia;58PSYdY0GFg0LFb2PxYk4T
7u8LNgkrmUXGT6JEwiy8Ia;45c6I13JpFx7nSmwoqf3O3
7u8LNgkrmUXGT6JEwiy8Ia;4fQMGlCawbTkH9yPPZ49kP
7u8LNgkrmUXGT6JEwiy8Ia;5Lno0hPhvo7BzXVLQzDIS3
7u8LNgkrmUXGT6JEwiy8Ia;7M9pPyt8Gr41THLhbz4NSB
7u8LNgkrmUXGT6JEwiy8Ia;7ohR0qPH6f2Vuj2pUNanJG
7u8LNgkrmUXGT6JEwiy8Ia;1NeKY4qWsCnhY8fvhwQa7q
7u8LNgkrmUXGT6JEwiy8Ia;7ypqforPnkbeii6Wi0Vb32
7u8LNgkrmUXGT6JEwiy8Ia;0lejVIOQsLqb8DJcLLqKBf
7u8LNgkrmUXGT6JEwiy8Ia;5AQpbyFoQmkOVwmlhKN4ii
7u8LNgkrmUXGT6JEwiy8Ia;6VTbbVjKOC2qWagIDbkJrC
7u8LNgkrmUXGT6JEwiy8Ia;2zF8ro2hX0aEYaqXQdEKW1
7u8LNgkrmUXGT6JEwiy8Ia;3SdTKo2uVsxFblQjpScoHy
7u8LNgkrmUXGT6JEwiy8Ia;0hNVjU6JKydHts0SAjHCno
7u8LNgkrmUXGT6JEwiy8Ia;3cfnGXJ9bmiWvFqEO6ff8B
7u8LNgkrmUXGT6JEwiy8Ia;4XsH9zBWPOCdXoH9ZDdS8r
7u8LNgkrmUXGT6JEwiy8Ia;2GVEs1sn5Q1jB1976vQoAX
7u8LNgkrmUXGT6JEwiy8Ia;6kOjNVGh1Gapc7224d20Ym
7u8LNgkrmUXGT6JEwiy8Ia;27QTVCKEfq41PjPKQVa7vW
7u8LNgkrmUXGT6JEwiy8Ia;23IK8TF2MSiLnuEjaYPfVV
7u8LNgkrmUXGT6JEwiy8Ia;5Sz09kaSzvpTC8lgm5W8Mt
7u8LNgkrmUXGT6JEwiy8Ia;0Res4ooR61zc5T7m2Fswog
7u8LNgkrmUXGT6JEwiy8Ia;4C2jxg2GZsvttTiHpWP5ZL
7u8LNgkrmUXGT6JEwiy8Ia;4nXkbcTj3nyww1cHkw5RAP
7u8LNgkrmUXGT6JEwiy8Ia;2Mr1bGI2E10K7Mt1UJZ6Mw
7u8LNgkrmUXGT6JEwiy8Ia;0NeJjNlprGfZpeX2LQuN6c
7u8LNgkrmUXGT6JEwiy8Ia;0ahp2FHiAEuv9PCoPFuGLQ
7u8LNgkrmUXGT6JEwiy8Ia;3QnHWkNMY2mpy494Bis0ly
7u8LNgkrmUXGT6JEwiy8Ia;1dZxI6OuzwJ283y3gOU1Kq
7u8LNgkrmUXGT6JEwiy8Ia;16qzGrIMWoxerw2gnW0zuv
7u8LNgkrmUXGT6JEwiy8Ia;5YLnfy7R2kueN0BRPkjiEG
7u8LNgkrmUXGT6JEwiy8Ia;5CKHhg31HcYYhwUeeGqvhq
7u8LNgkrmUXGT6JEwiy8Ia;3mWpUEBYnv9SIFWfixSJFx
7u8LNgkrmUXGT6JEwiy8Ia;2oFxITGDiTZ1JRwP8yinRt
7u8LNgkrmUXGT6JEwiy8Ia;1LDkwxLCE4eZHybBhDUS3A
7u8LNgkrmUXGT6JEwiy8Ia;0n2pjCIMKwHSXoYfEbYMfX
10rA9ND4fP1MX0Nj0iobSp;4KmylOc7EVRfTfy6OImJPX
10rA9ND4fP1MX0Nj0iobSp;6HPZo9krwjbhMGKbqVkkDQ
10rA9ND4fP1MX0Nj0iobSp;0i19MAZbyn8uTir7FprXId
10rA9ND4fP1MX0Nj0iobSp;0iTpQYzJnYgh7kIxyq8A2O
10rA9ND4fP1MX0Nj0iobSp;5ApxZEQ1u6BhPrqeolLi6K
10rA9ND4fP1MX0Nj0iobSp;3j5DVpcCELigVZrmwGOw3X
10rA9ND4fP1MX0Nj0iobSp;1Xm7HoeUAd75qGEyDvLBtQ
10rA9ND4fP1MX0Nj0iobSp;7H71gZwWs3xPWnHM30NDUp
10rA9ND4fP1MX0Nj0iobSp;35yZkNFNVosiHE6Uj0COVM
10rA9ND4fP1MX0Nj0iobSp;6rqUOLt9dpfMANLMKTzoWj
10rA9ND4fP1MX0Nj0iobSp;4lWi8GnQbYUmX9j0Y1Cx9u
10rA9ND4fP1MX0Nj0iobSp;0OeAkFcQCz5d3FN4H9hcDF
10rA9ND4fP1MX0Nj0iobSp;49A10weBfgwg4TUM3My7iv
10rA9ND4fP1MX0Nj0iobSp;7pfqtkZsNheOoDziqquDT3
10rA9ND4fP1MX0Nj0iobSp;26COgYlbcouIcJo3nprpox
10rA9ND4fP1MX0Nj0iobSp;38ydcsbayM4oX21Hhu84DT
10rA9ND4fP1MX0Nj0iobSp;7nDaVRZssnHohDYV2HNT8B
10rA9ND4fP1MX0Nj0iobSp;4aUCovTNe98WnwE6AIl0pU
10rA9ND4fP1MX0Nj0iobSp;7DYaEBQbj6FQCsgPr0uc6p
10rA9ND4fP1MX0Nj0iobSp;1FWIdqvBPvf7T7mkRsvTiF
10rA9ND4fP1MX0Nj0iobSp;57K5RyWj4jOlc07wRz6axh
10rA9ND4fP1MX0Nj0iobSp;1OyGnfENpomANuXHohFEXo
10rA9ND4fP1MX0Nj0iobSp;7CZvsEFFZffXJ4HxLWtaQc
10rA9ND4fP1MX0Nj0iobSp;1PZMKTfrAn3HikmlYNUwY2
10rA9ND4fP1MX0Nj0iobSp;09dYenMs0WXWh0pAAtd9Zd
10rA9ND4fP1MX0Nj0iobSp;6wntNrWu9bXBNPmujdwqhL
10rA9ND4fP1MX0Nj0iobSp;1bFPKxP56XWDXJOwo3Kvfp
10rA9ND4fP1MX0Nj0iobSp;3Cl35xMXJUEhpPaYBeNUQR
10rA9ND4fP1MX0Nj0iobSp;2Vy7B6YpJHfqSzMmheUfvy
10rA9ND4fP1MX0Nj0iobSp;3v6NuKeDbFbaq1lNjw3XtR
10rA9ND4fP1MX0Nj0iobSp;57JBa90rqcGKs1ajxkIKNW
10rA9ND4fP1MX0Nj0iobSp;239IJFSqoUEL2k8tWzblWm
10rA9ND4fP1MX0Nj0iobSp;4tUOIdAbmMCYnrxSVbyc9V
10rA9ND4fP1MX0Nj0iobSp;0ZRmhs9YjaMmj5QGCw0lDe
10rA9ND4fP1MX0Nj0iobSp;4yY8JqTOQyi7K4O1QcQtBG
10rA9ND4fP1MX0Nj0iobSp;3Ty7OTBNSigGEpeW2PqcsC
10rA9ND4fP1MX0Nj0iobSp;49Su9fsYwmnnuJSyxj48kL
10rA9ND4fP1MX0Nj0iobSp;0VXp4zDspR993l2hIKW17g
10rA9ND4fP1MX0Nj0iobSp;09ZGF6mwJVzw5jxqbtT53E
10rA9ND4fP1MX0Nj0iobSp;66VLscP5FZHPeMmtWaopbJ
10rA9ND4fP1MX0Nj0iobSp;3RYbXTVdT6XtRkr36XZWrc
10rA9ND4fP1MX0Nj0iobSp;3LntA1x0dyivFLNXAjtF0S
10rA9ND4fP1MX0Nj0iobSp;0Sg9bWEaPtDO2JE7qwcMvy
10rA9ND4fP1MX0Nj0iobSp;71sC9gVXaFRwAMHJyQO8al
10rA9ND4fP1MX0Nj0iobSp;3CMVjlbvNJMHDfYPX7xCpi
10rA9ND4fP1MX0Nj0iobSp;2sW8fmnISifQTRgnRrQTYW
10rA9ND4fP1MX0Nj0iobSp;3vNFsxBbA4dPkymPF5Jm1b
10rA9ND4fP1MX0Nj0iobSp;4hGOhC87bn7JBdYykOJJvJ
10rA9ND4fP1MX0Nj0iobSp;1GIPP103zfsythULEpsmdw
10rA9ND4fP1MX0Nj0iobSp;2YkQuh1bijWzQJie9KfFQi
4zKzZHtGEn77bSIZpn9euO;6flhPfJHRcQ1jiXojPen9J
4zKzZHtGEn77bSIZpn9euO;5C4cME8mI76c93hEldXsn7
4zKzZHtGEn77bSIZpn9euO;7DbQaamyK7sELuvPE8aPkk
4zKzZHtGEn77bSIZpn9euO;1qpZMX2fEL1EVcL3FelQuQ
4zKzZHtGEn77bSIZpn9euO;5WJqECOEDt5F759vvexse5
4zKzZHtGEn77bSIZpn9euO;4FY2IrkG0zZzVLv3gzTkrL
4zKzZHtGEn77bSIZpn9euO;1hBw1Gg1CACoCZcHkFSn4N
4zKzZHtGEn77bSIZpn9euO;2Dd1hV8caksYdmYteqVCEX
4zKzZHtGEn77bSIZpn9euO;2P9anf8mvqbujC1Vj53pXI
4zKzZHtGEn77bSIZpn9euO;0OswFz5wVHLZY5EbMFgcyl
4zKzZHtGEn77bSIZpn9euO;3S80U4lmgrsYM9Ew93Z82P
4zKzZHtGEn77bSIZpn9euO;4RcOOIdJqpRNloqHvJmFjx
4zKzZHtGEn77bSIZpn9euO;3cxAKEcgwYYLVUiKslkzSw
4zKzZHtGEn77bSIZpn9euO;1MVQ2CGGFmoVxZvE90UB4y
4zKzZHtGEn77bSIZpn9euO;3zohwge6UksxW1zbbw7BQQ
4zKzZHtGEn77bSIZpn9euO;0DmU0cmpmeVwkFWmpMt0po
4zKzZHtGEn77bSIZpn9euO;53kQ3URNSil7M4U5uTF1sV
4zKzZHtGEn77bSIZpn9euO;6rog8vv7luQw2w2pwhhrGY
4zKzZHtGEn77bSIZpn9euO;3qqgZJRKoi4oRva6eCrCC4
4zKzZHtGEn77bSIZpn9euO;2kJZvHENw6ZKuG1fO5yj6c
4zKzZHtGEn77bSIZpn9euO;7ypQm5USUa2ECZxFH76y8k
4zKzZHtGEn77bSIZpn9euO;2lqpdOAPuA3H0rSu6NuxVh
4zKzZHtGEn77bSIZpn9euO;7hIs33FGOXKSNu9LhQ9LKB
4zKzZHtGEn77bSIZpn9euO;1ylKmgmfefYdpfhI3jKjjM
4zKzZHtGEn77bSIZpn9euO;2Zcr8xMMZyNT5wMsj3SWmw
4zKzZHtGEn77bSIZpn9euO;3gP5iYm2qQlz8LDJUm4suS
4zKzZHtGEn77bSIZpn9euO;0CzfRFgFqhDMNQjUm6mFPH
4zKzZHtGEn77bSIZpn9euO;40brPwEz3htsBVaDrH4JX4
4zKzZHtGEn77bSIZpn9euO;52iyhfd6jgU2wYB8QIYs6t
4zKzZHtGEn77bSIZpn9euO;0QhRc9zvsoJ08eqGiRSu38
4zKzZHtGEn77bSIZpn9euO;1oaOVCJVQuhWPpIIBjSpSd
4zKzZHtGEn77bSIZpn9euO;3GHPf4pR4pIutnHQiw7dNr
4zKzZHtGEn77bSIZpn9euO;0nlNtWasNLQRXBhAh06jvl
4zKzZHtGEn77bSIZpn9euO;705t4FIT7itZwAyFKt3krq
4zKzZHtGEn77bSIZpn9euO;0zRooGATNcoPQpSsT6Egsc
4zKzZHtGEn77bSIZpn9euO;1jDRJMo8iMZedHbg6NeVK1
4zKzZHtGEn77bSIZpn9euO;5cDfI3KOa64zbuUgD6a4hG
4zKzZHtGEn77bSIZpn9euO;7puyo6FW7qAiHKzrEk5QLF
4zKzZHtGEn77bSIZpn9euO;71OzN2JM6BoQD3JO9hiJFi
4zKzZHtGEn77bSIZpn9euO;0Z5ByATg7grLlyv2O61V9E
4zKzZHtGEn77bSIZpn9euO;6h4V0fuWElsTFaPg2tQIoL
4zKzZHtGEn77bSIZpn9euO;5hf4JY3C7Gud3choRYg5HQ
4zKzZHtGEn77bSIZpn9euO;4afYc6b90xaA04w6Cm8Xa2
4zKzZHtGEn77bSIZpn9euO;6CDfSWc0eju3PhNEiRPyO7
4zKzZHtGEn77bSIZpn9euO;4JwFrnLLSO4qqxOeHQATf4
4zKzZHtGEn77bSIZpn9euO;0EYLkHLJSmJ2hMdtbTjaHQ
4zKzZHtGEn77bSIZpn9euO;7MIMGmYYmu9EbZJAYyPHJ7
4zKzZHtGEn77bSIZpn9euO;6uot32Tttek29kec4Yw5oR
4zKzZHtGEn77bSIZpn9euO;47pnxjQmIPlLgy4JTBmmMZ
4zKzZHtGEn77bSIZpn9euO;3Xpbz0FIYr7FzBpN8Df2b6
6xFDqaIR9nBAVPRNNAI5kW;4NQITZUFd06h9qt9mdwkug
6xFDqaIR9nBAVPRNNAI5kW;1Uc3rz3PTam7NhygEj2pFz
6xFDqaIR9nBAVPRNNAI5kW;5Yy3MkY3YEga1ecYOb2XqX
6xFDqaIR9nBAVPRNNAI5kW;3YX4WviUJiDEov6IrAdFYD
6xFDqaIR9nBAVPRNNAI5kW;239IJFSqoUEL2k8tWzblWm
6xFDqaIR9nBAVPRNNAI5kW;7s24QvQVnQEyYxnabZQrKd
6xFDqaIR9nBAVPRNNAI5kW;3Ybl3DyPcWsz5ZCliEo3l1
6xFDqaIR9nBAVPRNNAI5kW;7uB6JnZJd0zg4q8lp4Ni89
6xFDqaIR9nBAVPRNNAI5kW;0s1K5Y1vdwMcGWbTLcWGW4
6xFDqaIR9nBAVPRNNAI5kW;6scUEism6pBnY0IXYr8fw3
6xFDqaIR9nBAVPRNNAI5kW;0GewoZuXjAqsVfMLTPD4vS
6xFDqaIR9nBAVPRNNAI5kW;7iKnwGAMdY6LYLILGnsGhT
6xFDqaIR9nBAVPRNNAI5kW;56JGAeSx3dEvWg4dn5uIgM
6xFDqaIR9nBAVPRNNAI5kW;3OwtuzRo8mc7lgsBau9MWk
6xFDqaIR9nBAVPRNNAI5kW;6WoGpYk4Cl0UzosUZrUeEc
6xFDqaIR9nBAVPRNNAI5kW;3tERkX3cIGxMjwHej1StI0
6xFDqaIR9nBAVPRNNAI5kW;6mbbXTBC7ADcjh5RCNrooU
6xFDqaIR9nBAVPRNNAI5kW;0hNVjU6JKydHts0SAjHCno
6xFDqaIR9nBAVPRNNAI5kW;43yoPh5r95O0sltSQoY6Iw
6xFDqaIR9nBAVPRNNAI5kW;5RlSc9SkmmV1Ma4Hd7TQYZ
6xFDqaIR9nBAVPRNNAI5kW;3DHSXEW8oE3w147ZrCBS8h
6xFDqaIR9nBAVPRNNAI5kW;09ZGF6mwJVzw5jxqbtT53E
6xFDqaIR9nBAVPRNNAI5kW;2ly4nED24dIDLq4RWxHMFC
6xFDqaIR9nBAVPRNNAI5kW;3e8csUby1iEzOBBK1y42sZ
6xFDqaIR9nBAVPRNNAI5kW;339BspLSMuPGoKnhWtV2Jr
6xFDqaIR9nBAVPRNNAI5kW;0G0355QSDEAcsKdV3i0a0V
6xFDqaIR9nBAVPRNNAI5kW;0FTdrBz10BKS1LI7rXAjFp
6xFDqaIR9nBAVPRNNAI5kW;1BAiFIrzp1umGBo8H2WEfy
6xFDqaIR9nBAVPRNNAI5kW;348fpUm9a8vwpBZyAgyMkY
6xFDqaIR9nBAVPRNNAI5kW;1Juj6Rg5MhutU8gW43934B
6xFDqaIR9nBAVPRNNAI5kW;5lW10kMcs8VtzEzUPLwFlU
6xFDqaIR9nBAVPRNNAI5kW;6QXtKi4TVe1458QNodE3cs
6xFDqaIR9nBAVPRNNAI5kW;5OcuXYY4vzDX6gAVLCs8gQ
6xFDqaIR9nBAVPRNNAI5kW;6A4eengLRvjVeZkQaFXmv7
6xFDqaIR9nBAVPRNNAI5kW;4m5S4wvLY031rN6beIWoRe
6xFDqaIR9nBAVPRNNAI5kW;2873vNl0teoOfvycXFwoEb
6xFDqaIR9nBAVPRNNAI5kW;4QTV3dLUyYu5vFPEFvA1jg
6xFDqaIR9nBAVPRNNAI5kW;7IJlk42gDKt5dfSSLwtEsp
6xFDqaIR9nBAVPRNNAI5kW;5UDaHtqb0C6UIHDoWUJTWw
6xFDqaIR9nBAVPRNNAI5kW;3Y79ZkD0H0AkHukqfSMkbg
6xFDqaIR9nBAVPRNNAI5kW;2O9E13OdEzFGBr8EaK6PJH
6xFDqaIR9nBAVPRNNAI5kW;0OdNZXNkVr2NXEmMcgnNaV
6xFDqaIR9nBAVPRNNAI5kW;48wMTk5P8xP4lRuVA5uLsD
6xFDqaIR9nBAVPRNNAI5kW;0QnQZOelJIQEWC9Tt7syOf
6xFDqaIR9nBAVPRNNAI5kW;3Pspsqp35FlH5Mhf9k0vPZ
6xFDqaIR9nBAVPRNNAI5kW;3V06qtpYNjRhPCShfydlFu
6xFDqaIR9nBAVPRNNAI5kW;5odTGHmEmSgYEQoV3Z3vZd
6xFDqaIR9nBAVPRNNAI5kW;7tmJ0NHVtz4xKvUzjjyQdx
6xFDqaIR9nBAVPRNNAI5kW;4TIWP4b9Hcdyyl19g4YJlf
6xFDqaIR9nBAVPRNNAI5kW;2a4GVSzYZ22ZiDo9HV0Iy4
52UpVoCjFsUKOdKRyaOGyM;6gYlvWQEUv9sHwF2BvkQXr
52UpVoCjFsUKOdKRyaOGyM;0qvmO0IgFQ1gRNfK2nItIq
52UpVoCjFsUKOdKRyaOGyM;4OeQKOUwR6vMNy7WZChltZ
52UpVoCjFsUKOdKRyaOGyM;38A2guMjGlwWZaWDIgT5AO
52UpVoCjFsUKOdKRyaOGyM;4d0eRQkWI8LrRJfCHmyOVI
52UpVoCjFsUKOdKRyaOGyM;6QLh3oOA1AKocLHFH6j7qA
52UpVoCjFsUKOdKRyaOGyM;7xSUGewoItgxStLNXnoWkl
52UpVoCjFsUKOdKRyaOGyM;0HaDqyNg9LoZZ7Zli1uhzL
52UpVoCjFsUKOdKRyaOGyM;6sNT5PF1SjTYgMiAIQGYMd
52UpVoCjFsUKOdKRyaOGyM;1bGI72eDvePBpHHUkydeCK
52UpVoCjFsUKOdKRyaOGyM;4uZkg6aWtrUGW5mcsjoTgU
52UpVoCjFsUKOdKRyaOGyM;1oAr9H6Qw5gaqBJaZeMwS0
52UpVoCjFsUKOdKRyaOGyM;4rJtUMlnhJzlzlnxyoc3tb
52UpVoCjFsUKOdKRyaOGyM;3DD48JX944qwU4xSksKrsf
52UpVoCjFsUKOdKRyaOGyM;58nPDufBVhMa2bT8G59CzS
52UpVoCjFsUKOdKRyaOGyM;60DGbYeckYGaNA7ZBt5j0F
52UpVoCjFsUKOdKRyaOGyM;4oAIcTUK9aVpT2gIBsbKXD
52UpVoCjFsUKOdKRyaOGyM;4ndBp2Mm0oBNOdjyQvJ9jz
52UpVoCjFsUKOdKRyaOGyM;1ddq4weEupa9Mh4SH1ruIY
52UpVoCjFsUKOdKRyaOGyM;2rKVo2Gl8CrLlFxMu40zCX
52UpVoCjFsUKOdKRyaOGyM;2bxJ0tYWUGF0XZDQiIt6pf
52UpVoCjFsUKOdKRyaOGyM;3aLbkV1InjX2KdsoMhUFJQ
52UpVoCjFsUKOdKRyaOGyM;6CAG3rBGPTAinoqgVD7fBJ
52UpVoCjFsUKOdKRyaOGyM;0YRv8GX3ekiz2XkbnZTSrU
52UpVoCjFsUKOdKRyaOGyM;5mjMp0LgZjSJnw2i7cRKMl
52UpVoCjFsUKOdKRyaOGyM;75bNIPy58AL7MYYp8cnj4A
52UpVoCjFsUKOdKRyaOGyM;0IQs78HO3ym69mCNFJ0UZp
52UpVoCjFsUKOdKRyaOGyM;6dw77SiVkP3HurqIYE7twQ
52UpVoCjFsUKOdKRyaOGyM;5yaEpOusXCZVG476E9Uwp4
52UpVoCjFsUKOdKRyaOGyM;13YxuRQZdU7snOfDI3nft2
52UpVoCjFsUKOdKRyaOGyM;5Ob2Wt2IifgoFrSFrBnRZJ
52UpVoCjFsUKOdKRyaOGyM;0ZQ0AYmoSQqmPYtI9JP9F9
52UpVoCjFsUKOdKRyaOGyM;2YkQuh1bijWzQJie9KfFQi
52UpVoCjFsUKOdKRyaOGyM;6J1DAiGVnMS9Zdrew4nWjB
52UpVoCjFsUKOdKRyaOGyM;6ziQDVHvXcKm7N78CBNjY6
52UpVoCjFsUKOdKRyaOGyM;5seWcnX66GgxNPJ6AL8HoJ
52UpVoCjFsUKOdKRyaOGyM;4exR1NS8FcfGi4yj1dfCqa
52UpVoCjFsUKOdKRyaOGyM;4YSjv3LnnD0BSXhcsWKN31
52UpVoCjFsUKOdKRyaOGyM;2GV9Qmw3R9OuVsNVy4n6An
52UpVoCjFsUKOdKRyaOGyM;7fRAo80qMQjm6sr21gQTXp
52UpVoCjFsUKOdKRyaOGyM;7xXqQ7mn4VzYzqla3OIcyl
52UpVoCjFsUKOdKRyaOGyM;1eTZQmiMtnoRrqwrjZE0Hy
52UpVoCjFsUKOdKRyaOGyM;6yH4PtEs8t43GkU7DVORaN
52UpVoCjFsUKOdKRyaOGyM;7IZhGuH9p2w3Bwpgajolkf
52UpVoCjFsUKOdKRyaOGyM;1aaUv9RdPa2zEKvaxbHHpc
52UpVoCjFsUKOdKRyaOGyM;5y4MDqm1PYa2T1vT6vboJI
52UpVoCjFsUKOdKRyaOGyM;5wN3b5AtoOFVCoQW0ldhGD
52UpVoCjFsUKOdKRyaOGyM;5y2px9MhHLYleyd7azQEj2
52UpVoCjFsUKOdKRyaOGyM;4MUjdrWSsyQgJnK8KeumgW
52UpVoCjFsUKOdKRyaOGyM;4sFB5UbO5J09RslzqSBpJS
4g3Ax56IslQkI6XVfYKVc5;6qOBFuoFiay0tRAs5en6nB
4g3Ax56IslQkI6XVfYKVc5;7KA4W4McWYRpgf0fWsJZWB
4g3Ax56IslQkI6XVfYKVc5;0dEhydwCE5Og4PLKyjfqMR
4g3Ax56IslQkI6XVfYKVc5;5VarZFY00sO54HErJ3TPCI
4g3Ax56IslQkI6XVfYKVc5;2YvWonOJesvP0yu9IFJY7S
4g3Ax56IslQkI6XVfYKVc5;7h4RBE1rGeHMoU7722HGVY
4g3Ax56IslQkI6XVfYKVc5;4sNG6zQBmtq7M8aeeKJRMQ
4g3Ax56IslQkI6XVfYKVc5;2Y0iGXY6m6immVb2ktbseM
4g3Ax56IslQkI6XVfYKVc5;58uDCyprC3aa3x70fUv8dk
4g3Ax56IslQkI6XVfYKVc5;1k2evZFY2y8sl6A9zVtwiK
4g3Ax56IslQkI6XVfYKVc5;5WNYg3usc6H8N3MBEp4zVk
4g3Ax56IslQkI6XVfYKVc5;7zjupUeHyd2j2FKlmSiZlj
4g3Ax56IslQkI6XVfYKVc5;39yDIZ5WpcwkFyjpO8SN1d
4g3Ax56IslQkI6XVfYKVc5;5dmPNuHmRRJuHmJTDa7NuJ
4g3Ax56IslQkI6XVfYKVc5;4f8Mh5wuWHOsfXtzjrJB3t
4g3Ax56IslQkI6XVfYKVc5;3f9Mzvd3URfbbIJBX4pz9Z
4g3Ax56IslQkI6XVfYKVc5;76c1AuZodByXM3X2k48wju
4g3Ax56IslQkI6XVfYKVc5;4SNtyKNyYJ8ERT7YLlnFBr
4g3Ax56IslQkI6XVfYKVc5;4bMIRaesSZwIldFWCGs96S
4g3Ax56IslQkI6XVfYKVc5;5QJuMhGWTUB4t9BqR7ndL3
4g3Ax56IslQkI6XVfYKVc5;2O99aywAVBhaPrsiJ6zbSS
4g3Ax56IslQkI6XVfYKVc5;4fPBB44eDH71YohayI4eKV
4g3Ax56IslQkI6XVfYKVc5;5saMo1BtSHW111VrurVHe8
4g3Ax56IslQkI6XVfYKVc5;67YPjbcxUypwNOwYBZquq1
4g3Ax56IslQkI6XVfYKVc5;5JWPUEov2wlX7c0jhYZpeB
4g3Ax56IslQkI6XVfYKVc5;01w1oN1WO5aOThHnLBN8eS
4g3Ax56IslQkI6XVfYKVc5;1KuVdyg8d6NlRhbpHxg5UF
4g3Ax56IslQkI6XVfYKVc5;37y7iDayfwm3WXn5BiAoRk
4g3Ax56IslQkI6XVfYKVc5;415dK4glwDO7fXxYg3np8B
4g3Ax56IslQkI6XVfYKVc5;4c9WmjVlQMr0s1IjbYO52Z
4g3Ax56IslQkI6XVfYKVc5;272WzJYX3bXteV3cbfGeK6
4g3Ax56IslQkI6XVfYKVc5;0KyAGiNGUytG5JLxJu4F6l
4g3Ax56IslQkI6XVfYKVc5;6dhaX8fxmnXNZuOxmxyrvD
4g3Ax56IslQkI6XVfYKVc5;2mk87j3RWPdzy0rWIoUP1o
4g3Ax56IslQkI6XVfYKVc5;7eqoqGkKwgOaWNNHx90uEZ
4g3Ax56IslQkI6XVfYKVc5;2RGe02P8xxSF9syj0ltPjX
4g3Ax56IslQkI6XVfYKVc5;7kyiHjkFdmHcYcIJtFAdaF
4g3Ax56IslQkI6XVfYKVc5;0xxm1WskKZSCvbkGjkSMr2
4g3Ax56IslQkI6XVfYKVc5;3VDRXEOQDjBsQyzbFs1qGa
4g3Ax56IslQkI6XVfYKVc5;1otG6j1WHNvl9WgXLWkHTo
4g3Ax56IslQkI6XVfYKVc5;1qfYG2JrchEyJiqKnkE7YQ
4g3Ax56IslQkI6XVfYKVc5;4loxhrC7MqARWyHLofmhtW
4g3Ax56IslQkI6XVfYKVc5;6Nle9hKrkL1wQpwNfEkxjh
4g3Ax56IslQkI6XVfYKVc5;1XrSjpNe49IiygZfzb74pk
4g3Ax56IslQkI6XVfYKVc5;07l1nBCfaD3QqL7OnFZrXI
4g3Ax56IslQkI6XVfYKVc5;4xymOOdANFwko4RpeR961e
4g3Ax56IslQkI6XVfYKVc5;3FtYbEfBqAlGO46NUDQSAt
4g3Ax56IslQkI6XVfYKVc5;7gn0MfkV4ZuMkqbPlmhIlx
4g3Ax56IslQkI6XVfYKVc5;6XwfbweA3ppZC6sI6GzC1G
4g3Ax56IslQkI6XVfYKVc5;5dKBaysNJtfpyNTRa5lqDb
2X1XxaSRBqdJBcfyothrjT;0MyY4WcN7DIfbSmp5yej5z
2X1XxaSRBqdJBcfyothrjT;0r2hNA17nXlzIYlyfUmXLL
2X1XxaSRBqdJBcfyothrjT;7rxdEeEAZ3c5KQ7s1bC3cc
2X1XxaSRBqdJBcfyothrjT;6BUTNN55unuERHJmH26446
2X1XxaSRBqdJBcfyothrjT;4Jgdb4akerysh6y9SJVSF0
2X1XxaSRBqdJBcfyothrjT;03wKMRNYVvw6s9nm4I4jUS
2X1XxaSRBqdJBcfyothrjT;1TuopWDIuDi1553081zvuU
2X1XxaSRBqdJBcfyothrjT;1QqJP4E1i6EaocGqa9jxIn
2X1XxaSRBqdJBcfyothrjT;2DoQOnQ0dPOTSYWhBFMK58
2X1XxaSRBqdJBcfyothrjT;3cOPHE0rv7550yTHIb344Z
2X1XxaSRBqdJBcfyothrjT;0WGLjl3EIjf9MjJFJ90yX9
2X1XxaSRBqdJBcfyothrjT;1CeHA4fmddbfqYzw7wygEl
2X1XxaSRBqdJBcfyothrjT;2OJQBsgmB18vFPuzdTrMZQ
2X1XxaSRBqdJBcfyothrjT;6zhh4XJm5xZakYqJe5gQgQ
2X1XxaSRBqdJBcfyothrjT;3h5IIiL9vK5aR0DZO6jD7D
2X1XxaSRBqdJBcfyothrjT;7pdDBqpilpdW7c40DpFMW9
2X1XxaSRBqdJBcfyothrjT;7mSmt2yar5VUXZNBV4AnpE
2X1XxaSRBqdJBcfyothrjT;2cMmlJaE8T2JVdptokAm2c
2X1XxaSRBqdJBcfyothrjT;60k0xRw1oYUwZYp4e2iue8
2X1XxaSRBqdJBcfyothrjT;76e4nwnkyaFp4y0T2g01dg
2X1XxaSRBqdJBcfyothrjT;6elAjPoXncpwuQr4fen2P4
2X1XxaSRBqdJBcfyothrjT;6q6PeTloTbL2vb1Gt9sQQc
2X1XxaSRBqdJBcfyothrjT;0Sl8C9oeS3b5Kv9bSvTPDr
2X1XxaSRBqdJBcfyothrjT;18UQrLLOV6APDZoLuZtt5F
2X1XxaSRBqdJBcfyothrjT;6U5hUX40OWY6l0HaPUWElZ
2X1XxaSRBqdJBcfyothrjT;2PAn8J9dbmSnR4fLjpgehC
2X1XxaSRBqdJBcfyothrjT;2egGsu9X7zdNJxU9Kftq6l
2X1XxaSRBqdJBcfyothrjT;4wSmqFg31t6LsQWtzYAJob
2X1XxaSRBqdJBcfyothrjT;51vOZQuGnqPXfU5VbTZqZb
2X1XxaSRBqdJBcfyothrjT;5B4QJOQOJ24qJVlGMtNREk
2X1XxaSRBqdJBcfyothrjT;5vq3QYDR7n2q8402mmFCgY
2X1XxaSRBqdJBcfyothrjT;2jJIxT6WAIVWzDo3Ou53Q0
2X1XxaSRBqdJBcfyothrjT;4zu9wo2FXoBSsKjO6tRB3R
2X1XxaSRBqdJBcfyothrjT;4MmO631CdxuFOm18UVbhkp
2X1XxaSRBqdJBcfyothrjT;4OSEE9iEHADmTSCpxl87GJ
2X1XxaSRBqdJBcfyothrjT;3KF9ScHgW6GwiizEoLWT4l
2X1XxaSRBqdJBcfyothrjT;2weQYYPcdFveCzVfcgTxix
2X1XxaSRBqdJBcfyothrjT;0paDaHv5X77mLeCyHh7KJr
2X1XxaSRBqdJBcfyothrjT;7kiOd0p7v2WEuPnbqIwIfF
2X1XxaSRBqdJBcfyothrjT;1ZxakFiRaOFj6CDarCxozU
2X1XxaSRBqdJBcfyothrjT;5gmv3BgePSYiHnPJgY7oTJ
2X1XxaSRBqdJBcfyothrjT;6aVBDNURTjnXsXN9x4w3VM
2X1XxaSRBqdJBcfyothrjT;4BRIV2luZ273YEot8khID9
2X1XxaSRBqdJBcfyothrjT;4xymOOdANFwko4RpeR961e
2X1XxaSRBqdJBcfyothrjT;5yPZaKQdYa7zd4s1L9hT2g
2X1XxaSRBqdJBcfyothrjT;3vyKSb9sAdXl0kQ1KnS9fY
2X1XxaSRBqdJBcfyothrjT;3gbHGPcyp2j8MgfmcLt8KP
2X1XxaSRBqdJBcfyothrjT;21RDsw7wzUJNl2FbWTgEfJ
2X1XxaSRBqdJBcfyothrjT;7FeeQVg6yID8laNUH0LlX8
2X1XxaSRBqdJBcfyothrjT;53NHTlQoXw7cf96cdK35R0
0IedgQjjJ8Ad4B3UDQ5Lyn;1H1d4dr7Hk5Rrd8Tb5y5yr
0IedgQjjJ8Ad4B3UDQ5Lyn;33wUd3GgaRf2rux2aJ71yb
0IedgQjjJ8Ad4B3UDQ5Lyn;5U3qiJCXKCJ40Nf6tkI7Sq
0IedgQjjJ8Ad4B3UDQ5Lyn;0Ff8rF6FX2aoXoz4tG4Ufj
0IedgQjjJ8Ad4B3UDQ5Lyn;6y0Etr2KJr0sdcEp7ajoUK
0IedgQjjJ8Ad4B3UDQ5Lyn;1SJYl3Dc2b4XeYeR6TOsyV
0IedgQjjJ8Ad4B3UDQ5Lyn;2Vwa9SOgZPLDr8bue6gLyB
0IedgQjjJ8Ad4B3UDQ5Lyn;5VarZFY00sO54HErJ3TPCI
0IedgQjjJ8Ad4B3UDQ5Lyn;5XK1xClRUXSwCUu4I0E1RV
0IedgQjjJ8Ad4B3UDQ5Lyn;0OFQwUVOYXn4E8scJq0PAc
0IedgQjjJ8Ad4B3UDQ5Lyn;6AAaMqpMVkscrwOOKu791A
0IedgQjjJ8Ad4B3UDQ5Lyn;1PH5Es89c1cENU8WVuWwbp
0IedgQjjJ8Ad4B3UDQ5Lyn;2bwxqGKS5GPXfNanAIRe2p
0IedgQjjJ8Ad4B3UDQ5Lyn;6kbRL1WkHrKxHsBrV3ComC
0IedgQjjJ8Ad4B3UDQ5Lyn;6GyDY0yE47rfk8pcuKhioh
0IedgQjjJ8Ad4B3UDQ5Lyn;1dvOwoHwZB9SwvRw2Gv3nz
0IedgQjjJ8Ad4B3UDQ5Lyn;1oOD1pV43cV9sHg97aBdLs
0IedgQjjJ8Ad4B3UDQ5Lyn;1pUsdir2xhSxP0RyBe9lLH
0IedgQjjJ8Ad4B3UDQ5Lyn;2cGxRwrMyEAp8dEbuZaVv6
0IedgQjjJ8Ad4B3UDQ5Lyn;2SMn57cBVxoD4TArscpovk
0IedgQjjJ8Ad4B3UDQ5Lyn;2dngx6srtqsxvyh7oGV8FM
0IedgQjjJ8Ad4B3UDQ5Lyn;4p3jL7SFn8YDXmMPeEs4W2
0IedgQjjJ8Ad4B3UDQ5Lyn;2cmRpmO04TLaKPzmAzySYZ
0IedgQjjJ8Ad4B3UDQ5Lyn;6vuPZX9fWESg5js2JFTQRJ
0IedgQjjJ8Ad4B3UDQ5Lyn;39P5qIbuyfSRXPbob3iTIk
0IedgQjjJ8Ad4B3UDQ5Lyn;4Iyo50UoYhuuYORMLrGDci
0IedgQjjJ8Ad4B3UDQ5Lyn;4VbDJMkAX3dWNBdn3KH6Wx
0IedgQjjJ8Ad4B3UDQ5Lyn;6ewQE1dNPv9qqlnB1CxrvM
0IedgQjjJ8Ad4B3UDQ5Lyn;3RCj5fG55qjtmnEML1gpnA
0IedgQjjJ8Ad4B3UDQ5Lyn;3mfCW22S8GrcIiUtB9n0Jq
0IedgQjjJ8Ad4B3UDQ5Lyn;39LqN754wuVEI5NmRtUS8i
0IedgQjjJ8Ad4B3UDQ5Lyn;63JXZZRbmzooashakb0zbu
0IedgQjjJ8Ad4B3UDQ5Lyn;2uMqG8w8oi09fB2YA2QLOm
0IedgQjjJ8Ad4B3UDQ5Lyn;7rSn37L6jGaPnOOLBbEwXX
0IedgQjjJ8Ad4B3UDQ5Lyn;0eEXcw3JLVXcRxYrVYMy68
0IedgQjjJ8Ad4B3UDQ5Lyn;6aVBDNURTjnXsXN9x4w3VM
0IedgQjjJ8Ad4B3UDQ5Lyn;4Bjwyj8KM85xblkSt5A24j
0IedgQjjJ8Ad4B3UDQ5Lyn;7tvOve5IkjYenvqScZ75iQ
0IedgQjjJ8Ad4B3UDQ5Lyn;2U5rN7uL5771qyOwErJCY8
0IedgQjjJ8Ad4B3UDQ5Lyn;6DG1vjbBFKJWVeihm4hK0X
0IedgQjjJ8Ad4B3UDQ5Lyn;7bfocP7GYoLOutUYpTI8tx
0IedgQjjJ8Ad4B3UDQ5Lyn;49PyCCLOdJi0jHkGyyY2vv
0IedgQjjJ8Ad4B3UDQ5Lyn;1RUubW9fHtIYwjl588PrhZ
0IedgQjjJ8Ad4B3UDQ5Lyn;3SVAN3BRByDmHOhKyIDxfC
0IedgQjjJ8Ad4B3UDQ5Lyn;0oks4FnzhNp5QPTZtoet7c
0IedgQjjJ8Ad4B3UDQ5Lyn;0hhXziDUO0wNYPsstDQWN6
0IedgQjjJ8Ad4B3UDQ5Lyn;7aV99kydhLIM0leF1UoR3C
0IedgQjjJ8Ad4B3UDQ5Lyn;3NeiYiBn3rQBgurfVk92Zm
0IedgQjjJ8Ad4B3UDQ5Lyn;1lvs1UC4nE3F8ZizzGUGYX
0IedgQjjJ8Ad4B3UDQ5Lyn;516V4vS25xnGdVgkBWO6Wf
53FZHiJ5uEjQGxlxBeHaKm;6eOiJuoyzAQeY0JHf5ZBWX
53FZHiJ5uEjQGxlxBeHaKm;68ivEISjQ6pxNdeXULwdll
53FZHiJ5uEjQGxlxBeHaKm;0Ku9zP02uHYS4HH6jNLxV0
53FZHiJ5uEjQGxlxBeHaKm;5kGdayTmguCAZP87F56DUg
53FZHiJ5uEjQGxlxBeHaKm;28qOurUpsL6teKyx9GaJVa
53FZHiJ5uEjQGxlxBeHaKm;2bbRXduStlyFlvAdPnMgic
53FZHiJ5uEjQGxlxBeHaKm;4GrfClvQgCVLsCfqw7YthQ
53FZHiJ5uEjQGxlxBeHaKm;4TIONK6tnZWlNl5HdKpWby
53FZHiJ5uEjQGxlxBeHaKm;7A2yhrdnFspRjpX8RC8UW1
53FZHiJ5uEjQGxlxBeHaKm;2kkX9IzielZhUBybezdE0m
53FZHiJ5uEjQGxlxBeHaKm;3GppcLIGlSlvujXgR0pPRt
53FZHiJ5uEjQGxlxBeHaKm;4KmylOc7EVRfTfy6OImJPX
53FZHiJ5uEjQGxlxBeHaKm;44qMp7rcasrCmT2pBC1b0Z
53FZHiJ5uEjQGxlxBeHaKm;0vj7w2ykn6IwOdNk4ggd2g
53FZHiJ5uEjQGxlxBeHaKm;3EtIraJEHVSbBvLw5msioH
53FZHiJ5uEjQGxlxBeHaKm;2iqH6Wn9HndeXYJizEI1Ji
53FZHiJ5uEjQGxlxBeHaKm;5xevas4P14kVmD4St0X3yy
53FZHiJ5uEjQGxlxBeHaKm;1Xx7wl3Na741ZuuF0pndp7
53FZHiJ5uEjQGxlxBeHaKm;1emxi7e5EWFsJmwSKTuUDH
53FZHiJ5uEjQGxlxBeHaKm;5ZoI4tXPZzcN7PIVmxO7kF
53FZHiJ5uEjQGxlxBeHaKm;0YPIETceecHVR0VWuRPRT3
53FZHiJ5uEjQGxlxBeHaKm;6KrDF0sid0jwhbVIT0tatx
53FZHiJ5uEjQGxlxBeHaKm;0dTKg7gQzxuBRNRy0e1IVX
53FZHiJ5uEjQGxlxBeHaKm;5XjwPZtK5rn5uP7YgRd08U
53FZHiJ5uEjQGxlxBeHaKm;5HrxlXl6yE5PWxFkNyUOz7
53FZHiJ5uEjQGxlxBeHaKm;0ho3aQ3EOXLQcx1qX4F6Kx
53FZHiJ5uEjQGxlxBeHaKm;1drLQNS9D5z9lBP4DbtO2R
53FZHiJ5uEjQGxlxBeHaKm;69o00fGvsei250jH7bF781
53FZHiJ5uEjQGxlxBeHaKm;0VTBsLV9fLSPX6D5K3k3L4
53FZHiJ5uEjQGxlxBeHaKm;1t6zwEOPQUz9QIjlwZ5UGF
53FZHiJ5uEjQGxlxBeHaKm;1Mk5KFw0z8wZHI1k1NkVkP
53FZHiJ5uEjQGxlxBeHaKm;41xemwlFbOUNsTzC5Oyr8u
53FZHiJ5uEjQGxlxBeHaKm;3KN0D3jPB4Hqi1xyuOoeKL
53FZHiJ5uEjQGxlxBeHaKm;4Rw5ErjPrtzAa4lJz4KfxM
53FZHiJ5uEjQGxlxBeHaKm;6kXzroTvu7rGdvrPnQRh9X
53FZHiJ5uEjQGxlxBeHaKm;40W9hY8J0AjqBmemzpVGXV
53FZHiJ5uEjQGxlxBeHaKm;41yo1BQCc9aAADYROONrTF
53FZHiJ5uEjQGxlxBeHaKm;5Zpy2HR2vYLjlTQVd81DLH
53FZHiJ5uEjQGxlxBeHaKm;348fpUm9a8vwpBZyAgyMkY
53FZHiJ5uEjQGxlxBeHaKm;7IJlk42gDKt5dfSSLwtEsp
53FZHiJ5uEjQGxlxBeHaKm;0prVUHQu2xr6pI5iEbKtxo
53FZHiJ5uEjQGxlxBeHaKm;2dAzuxEnwjHmYN1K5bAZDC
53FZHiJ5uEjQGxlxBeHaKm;45D0ixQWzXQOoU1S9aSnKk
53FZHiJ5uEjQGxlxBeHaKm;3i2pAVmEzBgJIHtIMkNQBJ
53FZHiJ5uEjQGxlxBeHaKm;6iNHWlOLt4NuDi9iSvtznO
53FZHiJ5uEjQGxlxBeHaKm;7Dne9P85xQlwrGhpXnDoN7
53FZHiJ5uEjQGxlxBeHaKm;55mEIzlNXYiUXoYgx9S4PI
53FZHiJ5uEjQGxlxBeHaKm;1L8n3DR0g5w36X51i2k8A4
53FZHiJ5uEjQGxlxBeHaKm;04C6HjFwhRtEnh0MQt1DKe
53FZHiJ5uEjQGxlxBeHaKm;2h5CXy8Pme1lTY3CUAEI1i
1OutzYv6YiN93lrT3pJsWR;7aKWgpecgLEqisWcXPElDl
1OutzYv6YiN93lrT3pJsWR;4qO03RMQm88DdpTJcxlglY
1OutzYv6YiN93lrT3pJsWR;5CeL9C3bsoe4yzYS1Qz8cw
1OutzYv6YiN93lrT3pJsWR;1ZPlNanZsJSPK5h9YZZFbZ
1OutzYv6YiN93lrT3pJsWR;5z6xHjCZr7a7AIcy8sPBKy
1OutzYv6YiN93lrT3pJsWR;2ouURa1AIXp3AvkS52Jry5
1OutzYv6YiN93lrT3pJsWR;2WoZsxEDAqtoPJ3B7jcc1g
1OutzYv6YiN93lrT3pJsWR;66ZcOcouenzZEnzTJvoFmH
1OutzYv6YiN93lrT3pJsWR;6SmWHBXVdL14zir3Vzk0jH
1OutzYv6YiN93lrT3pJsWR;4QlzkaRHtU8gAdwqjWmO8n
1OutzYv6YiN93lrT3pJsWR;3TCauNPqFiniaYHBvEVoHG
1OutzYv6YiN93lrT3pJsWR;5ABwsrPHOZJTwYzOdd7huO
1OutzYv6YiN93lrT3pJsWR;6K0g7J6sKHwvDF6b2KGN3t
1OutzYv6YiN93lrT3pJsWR;50iQjDFLumPeBbdaP957pw
1OutzYv6YiN93lrT3pJsWR;1jlG3KJ3gdYmhfuySFfpO1
1OutzYv6YiN93lrT3pJsWR;6RnfjXnNuKK6zca1d9W0Ir
1OutzYv6YiN93lrT3pJsWR;36AWdhZIGLUTkWpJDhe7va
1OutzYv6YiN93lrT3pJsWR;1FTSo4v6BOZH9QxKc3MbVM
1OutzYv6YiN93lrT3pJsWR;4SYMibQ93bfzOk6uzkF0dO
1OutzYv6YiN93lrT3pJsWR;4aR9bPMAOFySBuQSbVWF3d
1OutzYv6YiN93lrT3pJsWR;2QsoVMTKj5m5kgztTOep98
1OutzYv6YiN93lrT3pJsWR;5X8kkUaUlAyAUr9TYqDFTH
1OutzYv6YiN93lrT3pJsWR;754kgU5rWscRTfvlsuEwFp
1OutzYv6YiN93lrT3pJsWR;4LyvsPgJtjUQQtw0FJ6Jys
1OutzYv6YiN93lrT3pJsWR;5qGwqO0lkbBXw4xNfzT7SF
1OutzYv6YiN93lrT3pJsWR;0273i5ysrlovK8rr0KJfQn
1OutzYv6YiN93lrT3pJsWR;08L1WAtYQnsFBoZ3MEBkYV
1OutzYv6YiN93lrT3pJsWR;3SD11QnefCc3RNfKzxKMmJ
1OutzYv6YiN93lrT3pJsWR;2YTfOCd1ZNyC2FxnqyW5N7
1OutzYv6YiN93lrT3pJsWR;3eXI3pYpiY1nRwhvW0c8Qi
1OutzYv6YiN93lrT3pJsWR;6naxalmIoLFWR0siv8dnQQ
1OutzYv6YiN93lrT3pJsWR;5hmRhU6fWzH0NjYmfhHjhp
1OutzYv6YiN93lrT3pJsWR;3mwvKOyMmG77zZRunnxp9E
1OutzYv6YiN93lrT3pJsWR;7aQjPecQdIuNd1sz3KCDhD
1OutzYv6YiN93lrT3pJsWR;1GeECVH4Msg1zLm8DExkbH
1OutzYv6YiN93lrT3pJsWR;3xbZU7KENdHZrX99VDNGwx
1OutzYv6YiN93lrT3pJsWR;3PRGcLvFKBGcG5LMer7rn7
1OutzYv6YiN93lrT3pJsWR;2oDqmfa2g8W893LlwJG1qu
1OutzYv6YiN93lrT3pJsWR;49BCXWSHGd4UumM9w17BvS
1OutzYv6YiN93lrT3pJsWR;1weEqgqTn03x8hmJ2mHMET
1OutzYv6YiN93lrT3pJsWR;7LK7dQtymjmIBM8O7wSeTp
1OutzYv6YiN93lrT3pJsWR;02jcEwywffn3Tsb48fXmlW
1OutzYv6YiN93lrT3pJsWR;7zrWPRYubwn8k8Id80LDCv
1OutzYv6YiN93lrT3pJsWR;6IXKljJrwMJlyRhzHRbEDW
1OutzYv6YiN93lrT3pJsWR;4TQeNHx85xcP9YRkvJC6K1
1OutzYv6YiN93lrT3pJsWR;3Nf8oGn1okobzjDcFCvT6n
1OutzYv6YiN93lrT3pJsWR;3TW48DvQ7ChwY1Yy1tkMaP
1OutzYv6YiN93lrT3pJsWR;6txWz9UapYHVxEd7dDIHXT
1OutzYv6YiN93lrT3pJsWR;2HzbZaA0LiN9Op5DGHTtlH
1OutzYv6YiN93lrT3pJsWR;7xwQQFE2sujoxValiZrkm4
